Ручка;Магнитная защёлка;Фиксатор;Петли врезные;Петли бабочки;Ограничители;Шпингалеты
Дверные ручки ACENO A-28-40 BLACK;Магнитная защелка L5096 WC MAG BLACK;Фиксатор WC-40 BLACK;Петля врезная универсальная B020-C 100X75X2.5-4BB-1BL;Петля-бабочка B020-U 100X75X2.5-2BB-1BL;STP 10 W.GOLD;
Дверные ручки AGBAR MH-21 SC/CP;Магнитная защелка M1895 SSC;Фиксатор MH-WC SC/CP;Петля стальная универсальная MSN 100X70X2.5-4BB SSC;;Дверной ограничитель SECRET DS SC;Торцевой шпингалет с прямоугольной планкой L160 SC
Дверные ручки AGBAR MH-21 SC/CP-S;Магнитная защелка M1895 SSC;Фиксатор MH-WC-S SC/CP;Петля стальная универсальная MSN 100X70X2.5-4BB SSC;;Дверной ограничитель SECRET DS SC;Торцевой шпингалет с прямоугольной планкой L160 SC
Дверные ручки AGBAR MH-21 SN/BN-S;Магнитная защелка M1895 SN;Фиксатор MH-WC-S SN/BN;Петля стальная универсальная MSN 100X70X2.5-4BB SN;;Дверной ограничитель DS1 SN;Торцевой шпингалет с прямоугольной планкой L160 SN
Дверные ручки ALTO A-75-40 B.NICKEL;Магнитная защелка L5096 WC MAG BLACK;Фиксатор WC-40 B.NICKEL;Петля врезная универсальная B020-C 100X75X2.5-4BB-1BL;Петля-бабочка B020-U 100X75X2.5-2BB-1BL;STP 10 W.GOLD;
Дверные ручки ALTO A-75-40 M.CHROME;Магнитная защелка L5096 WC MAG M.CHROME;Фиксатор WC-40 M.CHROME;Петля врезная универсальная B020-C 100X75X2.5-4BB-1SC;Петля-бабочка B020-U 100X75X2.5-2BB-1SC;Ограничитель STP 10 S.CHROME;
Дверные ручки ART A154-05 BRONZE;Защёлка сантехническая магнитная WC MAG 5090 BRONZE;Фиксатор WC 003 BRONZE;Петля универсальная 100X70X2.5 4W AGED BRONZE;Петля-бабочка 100X75X2.5 BUT ANTIC BRONZE;Ограничитель DS 200 BRONZE;Торцевой шпингалет 401-140 BRONZE
Дверные ручки ART A154-05 CHROME;Защёлка сантехническая магнитная WC MAG 5090 CHROME;Фиксатор WC 003 CHROME;Петля универсальная 100X70X2.5 4BB POLISH CHROME;;Ограничитель DS 200 CHROME;Торцевой шпингалет 401-140 CHROME
Дверные ручки ASPECTO A-64-30 BLACK;Магнитная защелка L5096 WC MAG BLACK;Фиксатор WC-30 BLACK;Петля врезная универсальная B020-C 100X75X2.5-4BB-1BL;Петля-бабочка B020-U 100X75X2.5-2BB-1BL;STP 10 W.GOLD;
Дверные ручки ASPECTO A-64-30 S.CHROME;Магнитная защелка L5096 WC MAG M.CHROME;Фиксатор WC-30 S.CHROME;Петля врезная универсальная B020-C 100X75X2.5-4BB-1SC;Петля-бабочка B020-U 100X75X2.5-2BB-1SC;Ограничитель STP 10 S.CHROME;
Дверные ручки AULA R5 ANT;;Фиксатор LUX-WC-R5 ANT;;;;
Дверные ручки AULA R5 BIA;Магнитная защелка M1895 W;Фиксатор LUX-WC-R5 BIA;Петля стальная универсальная MSN 100X70X2.5-4BB W;;Дверной ограничитель DS1 W;Торцевой шпингалет с прямоугольной планкой L160 W
Дверные ручки AULA R5 CAFFE;;Фиксатор LUX-WC-R5 CAFFE;Петля стальная универсальная MSN 100X70X2.5-4BB COF;;Дверной ограничитель DS1 COF;
Дверные ручки AULA R5 CSA;Магнитная защелка M1895 SSC;Фиксатор LUX-WC-R5 CSA;Петля стальная универсальная MSN 100X70X2.5-4BB SSC;;Дверной ограничитель SECRET DS SC;Торцевой шпингалет с прямоугольной планкой L160 SC
Дверные ручки AULA R5 NERO-ST;Магнитная защелка M1895 BL;Фиксатор LUX-WC-R5 NERO-ST;;;Дверной ограничитель SECRET DS BL;Торцевой шпингалет с прямоугольной планкой L160 BL
Дверные ручки AZRIELI MH-57-R6T BL;Магнитная защелка M1895 BL;Фиксатор MH-WC-R6T BL;;;Дверной ограничитель SECRET DS BL;Торцевой шпингалет с прямоугольной планкой L160 BL
Дверные ручки AZRIELI MH-57-R6T MSG;Магнитная защелка M1895 FTG;Фиксатор MH-WC-R6T MSG;Петля стальная универсальная MSN 100X70X2.5-4BB PG;;Дверной ограничитель DS1 GP;Торцевой шпингалет с прямоугольной планкой L160 PG
Дверные ручки AZRIELI MH-57-R6T SC;Магнитная защелка M1895 SSC;Фиксатор MH-WC-R6T SC;Петля стальная универсальная MSN 100X70X2.5-4BB SSC;;Дверной ограничитель SECRET DS SC;Торцевой шпингалет с прямоугольной планкой L160 SC
Дверные ручки BELLA A175 BLACK;Защёлка сантехническая магнитная WC-5096 MAG BLACK NICKEL;Фиксатор WC 003 BLACK;Петля универсальная 100X70X2.5 4BB BLACK;Петля-бабочка 100X75X2.5 BUT BLACK;Ограничитель DS 200 BLACK;Торцевой шпингалет 401-140 BLACK
Дверные ручки BINARY Q572 BLACK / CHROME RIM;Защёлка сантехническая магнитная WC-5096 MAG BLACK NICKEL;Фиксатор WC Q003 BLACK;Петля универсальная 100X70X2.5 4BB BLACK;Петля-бабочка 100X75X2.5 BUT BLACK;Ограничитель DS 200 BLACK;Торцевой шпингалет 401-140 BLACK
Дверные ручки BINARY Q572 BLACK / GOLD RIM;Защёлка сантехническая магнитная WC-5096 MAG BLACK NICKEL;Фиксатор WC Q003 BLACK;Петля универсальная 100X70X2.5 4BB BLACK;Петля-бабочка 100X75X2.5 BUT BLACK;Ограничитель DS 200 BLACK;Торцевой шпингалет 401-140 BLACK
Дверные ручки BRAVO A-45-40 B.NICKEL;Магнитная защелка L5096 WC MAG BLACK;Фиксатор WC-40 B.NICKEL;Петля врезная универсальная B020-C 100X75X2.5-4BB-1BL;Петля-бабочка B020-U 100X75X2.5-2BB-1BL;STP 10 W.GOLD;
Дверные ручки BRAVO A-45-40 M.CHROME;Магнитная защелка L5096 WC MAG M.CHROME;Фиксатор WC-40 M.CHROME;Петля врезная универсальная B020-C 100X75X2.5-4BB-1SC;Петля-бабочка B020-U 100X75X2.5-2BB-1SC;Ограничитель STP 10 S.CHROME;
Дверные ручки BRAVO A-45-40 W.GOLD;Магнитная защелка L6-50 MAG GOLD;Фиксатор WC-40 W.GOLD;Петля врезная универсальная B020-C 100X75X2.5-4BB-1WG;Петля-бабочка B020-U 100X75X2.5-2BB-1WG;Ограничитель STP 10 W.GOLD;
Дверные ручки CASTELLO  VQ212 AGED SILVER;Защёлка сантехническая магнитная WC MAG 5090 GOLD;;Петля универсальная 100X70X2.5 4W AGED SILVER;Петля-бабочка 100X75X2.5 BUT SATIN GOLD;Ограничитель DS 200 GOLD;Торцевой шпингалет MOD 401-150 B
Дверные ручки CASTELLO VQ212 AGED BRONZE;Защёлка сантехническая магнитная WC MAG 5090 BRONZE;;Петля универсальная 100X70X2.5 4W AGED BRONZE;Петля-бабочка 100X75X2.5 BUT ANTIC BRONZE;Ограничитель DS 200 BRONZE;Торцевой шпингалет 401-140 BRONZE
Дверные ручки CASTELO A-71-20 ANT.BRASS;Магнитная защелка L6-50 MAG ANT.BRONZE;Фиксатор WC-20 ANT.BRASS;Петля врезная универсальная B020-C 100X75X2.5-4BB-1AB;Петля-бабочка B020-U 100X75X2.5-2BB-1AB;;
Дверные ручки CASTELO A-78-20 ANT.BRASS;Магнитная защелка L6-50 MAG ANT.BRONZE;Фиксатор WC-20 ANT.BRASS;Петля врезная универсальная B020-C 100X75X2.5-4BB-1AB;Петля-бабочка B020-U 100X75X2.5-2BB-1AB;;
Дверные ручки CATHERINE MH-36-CLP W/PC;Магнитная защелка M1895 MSN;Фиксатор MH-WC-CLP W/PC;Петля стальная универсальная MSN 100X70X2.5-4BB MSN;;Дверной ограничитель DS1 CP;
Дверные ручки CATHERINE MH-36-CLP W/PG;Магнитная защелка M1895 FTG;Фиксатор MH-WC-CLP W/PG;Петля стальная универсальная MSN 100X70X2.5-4BB PG;;Дверной ограничитель DS1 GP;Торцевой шпингалет с прямоугольной планкой L160 PG
Дверные ручки CATHERINE MH-36 COF;;Фиксатор MH-WC COF;Петля стальная универсальная MSN 100X70X2.5-4BB COF;;Дверной ограничитель DS1 COF;
Дверные ручки CAYAN MH-58-R6 BL;Магнитная защелка M1895 BL;Фиксатор MH-WC-R6 BL;;;Дверной ограничитель SECRET DS BL;Торцевой шпингалет с прямоугольной планкой L160 BL
Дверные ручки CAYAN MH-58-R6 MSN;Магнитная защелка M1895 MSN;Фиксатор MH-WC-R6 MSN;Петля стальная универсальная MSN 100X70X2.5-4BB MSN;;Дверной ограничитель DS1 CP;
Дверные ручки CAYAN MH-58-R6 SC;Магнитная защелка M1895 SSC;Фиксатор MH-WC-R6 SC;Петля стальная универсальная MSN 100X70X2.5-4BB SSC;;Дверной ограничитель SECRET DS SC;Торцевой шпингалет с прямоугольной планкой L160 SC
Дверные ручки CENTRO A-11-50 BLACK;Магнитная защелка L5096 WC MAG BLACK;Фиксатор WC-50 BLACK;Петля врезная универсальная B020-C 100X75X2.5-4BB-1BL;Петля-бабочка B020-U 100X75X2.5-2BB-1BL;STP 10 W.GOLD;
Дверные ручки CENTRO A-11-50 M.CHROME;Магнитная защелка L5096 WC MAG M.CHROME;Фиксатор WC-50 M.CHROME;Петля врезная универсальная B020-C 100X75X2.5-4BB-1SC;Петля-бабочка B020-U 100X75X2.5-2BB-1SC;Ограничитель STP 10 S.CHROME;
Дверные ручки CERAMICA CC-3 OBA/CHAMP;Магнитная защелка M1895 AB;Фиксатор CC-WC OBA;Петля стальная универсальная MSN 100X70X2.5-4BB AB;;Дверной ограничитель DS8 IB;Торцевой шпингалет с прямоугольной планкой L160 AB
Дверные ручки CHAPEL MH-01 AB;Магнитная защелка M1895 AB;Фиксатор MH-WC AB;Петля стальная универсальная MSN 100X70X2.5-4BB AB;;Дверной ограничитель DS8 IB;Торцевой шпингалет с прямоугольной планкой L160 AB
Дверные ручки CHAPEL MH-01 SG;Магнитная защелка M1895 FTG;;Петля стальная универсальная MSN 100X70X2.5-4BB PG;;Дверной ограничитель DS1 GP;Торцевой шпингалет с прямоугольной планкой L160 PG
Дверные ручки CHAPEL MH-01 SN;Магнитная защелка M1895 SN;;Петля стальная универсальная MSN 100X70X2.5-4BB SN;;Дверной ограничитель DS1 SN;Торцевой шпингалет с прямоугольной планкой L160 SN
Дверные ручки CLASSICO A-01-10 ANT.BRONZE;Магнитная защелка L6-50 MAG ANT.BRONZE;Фиксатор WC-10 ANT.BRONZE;Петля врезная универсальная B020-C 100X75X2.5-4BB-1AB;Петля-бабочка B020-U 100X75X2.5-2BB-1AB;;
Дверные ручки CLASSICO A-01-10 ANT.COPPER;Магнитная защелка L6-50 MAG ANT.BRONZE;Фиксатор WC-10 ANT.COPPER;Петля врезная универсальная B020-C 100X75X2.5-4BB-1AB;Петля-бабочка B020-U 100X75X2.5-2BB-1AB;;
Дверные ручки CLASSICO A-01-10 S.CHROME;Магнитная защелка L5096 WC MAG M.CHROME;Фиксатор WC-10 S.CHROME;Петля врезная универсальная B020-C 100X75X2.5-4BB-1SC;Петля-бабочка B020-U 100X75X2.5-2BB-1SC;Ограничитель STP 10 S.CHROME;
Дверные ручки CLIFF S-520 BLACK;Защёлка сантехническая магнитная WC-5096 MAG BLACK NICKEL;Фиксатор WC SQ-003 BLACK;Петля универсальная 100X70X2.5 4BB BLACK;Петля-бабочка 100X75X2.5 BUT BLACK;Ограничитель DS 200 BLACK;Торцевой шпингалет 401-140 BLACK
Дверные ручки COLUMN MH-03 BL;Магнитная защелка M1895 BL;Фиксатор MH-WC BL;;;Дверной ограничитель SECRET DS BL;Торцевой шпингалет с прямоугольной планкой L160 BL
Дверные ручки COLUMN MH-03 SG/GP;Магнитная защелка M1895 FTG;Фиксатор MH-WC SG/GP;Петля стальная универсальная MSN 100X70X2.5-4BB PG;;Дверной ограничитель DS1 GP;Торцевой шпингалет с прямоугольной планкой L160 PG
Дверные ручки COLUMN MH-03 SN/BN;Магнитная защелка M1895 SN;Фиксатор MH-WC SN/BN;Петля стальная универсальная MSN 100X70X2.5-4BB SN;;Дверной ограничитель DS1 SN;Торцевой шпингалет с прямоугольной планкой L160 SN
Дверные ручки COLUMN MH-03 SN/CP;Магнитная защелка M1895 SN;Фиксатор MH-WC SN/CP;Петля стальная универсальная MSN 100X70X2.5-4BB SN;;Дверной ограничитель DS1 SN;Торцевой шпингалет с прямоугольной планкой L160 SN
Дверные ручки COMET S-483 GRAPHITE;Защёлка сантехническая магнитная WC-5096 MAG GRAPHITE;Фиксатор WC SR-003 GRAPHITE;Петля универсальная 100X70X2.5 4BB GRAPHITE;Петля-бабочка 100X75X2.5 BUT GRAPHITE;;
Дверные ручки COMET S-546 BLACK;Защёлка сантехническая магнитная WC-5096 MAG BLACK NICKEL;Фиксатор WC SQ-003 BLACK;Петля универсальная 100X70X2.5 4BB BLACK;Петля-бабочка 100X75X2.5 BUT BLACK;Ограничитель DS 200 BLACK;Торцевой шпингалет 401-140 BLACK
Дверные ручки COMET S-546 NICKEL;Защёлка сантехническая магнитная WC MAG 5090 CHROME;Фиксатор WC SQ-003 NICKEL;Петля универсальная 100X70X2.5 4BB POLISH CHROME;;Ограничитель DS 200 CHROME;Торцевой шпингалет 401-140 CHROME
Дверные ручки COMETA R5 ANT;;Фиксатор LUX-WC-R5 ANT;;;;
Дверные ручки COMETA R5 BIA;Магнитная защелка M1895 W;Фиксатор LUX-WC-R5 BIA;Петля стальная универсальная MSN 100X70X2.5-4BB W;;Дверной ограничитель DS1 W;Торцевой шпингалет с прямоугольной планкой L160 W
Дверные ручки COMETA R5 CAFFE;;Фиксатор LUX-WC-R5 CAFFE;Петля стальная универсальная MSN 100X70X2.5-4BB COF;;Дверной ограничитель DS1 COF;
Дверные ручки COMETA R5 CRO;Магнитная защелка M1895 MSN;Фиксатор LUX-WC-R5 CRO;Петля стальная универсальная MSN 100X70X2.5-4BB MSN;;Дверной ограничитель DS1 CP;
Дверные ручки COMETA R5 CSA;Магнитная защелка M1895 SSC;Фиксатор LUX-WC-R5 CSA;Петля стальная универсальная MSN 100X70X2.5-4BB SSC;;Дверной ограничитель SECRET DS SC;Торцевой шпингалет с прямоугольной планкой L160 SC
Дверные ручки COMETA R5 NERO-ST;Магнитная защелка M1895 BL;Фиксатор LUX-WC-R5 NERO-ST;;;Дверной ограничитель SECRET DS BL;Торцевой шпингалет с прямоугольной планкой L160 BL
Дверные ручки COSMO S-533 BLACK;Защёлка сантехническая магнитная WC-5096 MAG BLACK NICKEL;Фиксатор WC SQ-003 BLACK;Петля универсальная 100X70X2.5 4BB BLACK;Петля-бабочка 100X75X2.5 BUT BLACK;Ограничитель DS 200 BLACK;Торцевой шпингалет 401-140 BLACK
Дверные ручки COSMO S-533 GRAPHITE;Защёлка сантехническая магнитная WC-5096 MAG GRAPHITE;Фиксатор WC SQ-003 GRAPHITE;Петля универсальная 100X70X2.5 4BB GRAPHITE;Петля-бабочка 100X75X2.5 BUT GRAPHITE;;
Дверные ручки COSMO S-533 NICKEL;Защёлка сантехническая магнитная WC MAG 5090 CHROME;Фиксатор WC SQ-003 NICKEL;Петля универсальная 100X70X2.5 4BB POLISH CHROME;;Ограничитель DS 200 CHROME;Торцевой шпингалет 401-140 CHROME
Дверные ручки DOME MH-09 SN;Магнитная защелка M1895 SN;;Петля стальная универсальная MSN 100X70X2.5-4BB SN;;Дверной ограничитель DS1 SN;Торцевой шпингалет с прямоугольной планкой L160 SN
Дверные ручки DOMINION MH-40 SC/CP-S;Магнитная защелка M1895 SSC;Фиксатор MH-WC-S SC/CP;Петля стальная универсальная MSN 100X70X2.5-4BB SSC;;Дверной ограничитель SECRET DS SC;Торцевой шпингалет с прямоугольной планкой L160 SC
Дверные ручки DOVE S-484 GRAPHITE;Защёлка сантехническая магнитная WC-5096 MAG GRAPHITE;Фиксатор WC SR-003 GRAPHITE;Петля универсальная 100X70X2.5 4BB GRAPHITE;Петля-бабочка 100X75X2.5 BUT GRAPHITE;;
Дверные ручки DOVE S-584 GRAPHITE;Защёлка сантехническая магнитная WC-5096 MAG GRAPHITE;Фиксатор WC SQ-003 GRAPHITE;Петля универсальная 100X70X2.5 4BB GRAPHITE;Петля-бабочка 100X75X2.5 BUT GRAPHITE;;
Дверные ручки DUCALE MH-24 COF;;Фиксатор MH-WC COF;Петля стальная универсальная MSN 100X70X2.5-4BB COF;;Дверной ограничитель DS1 COF;
Дверные ручки DUNE S-531 BLACK;Защёлка сантехническая магнитная WC-5096 MAG BLACK NICKEL;Фиксатор WC SQ-003 BLACK;Петля универсальная 100X70X2.5 4BB BLACK;Петля-бабочка 100X75X2.5 BUT BLACK;Ограничитель DS 200 BLACK;Торцевой шпингалет 401-140 BLACK
Дверные ручки DUNE S-531 WHITE;Защёлка сантехническая магнитная WC-5096 MAG WHITE;Фиксатор WC SQ-003 BLACK;Петля универсальная 100X70X2.5 4W WHITE / CHROME;;;Торцевой шпингалет 401-140 WHITE
Дверные ручки ELEVADO A-63-30 CHROME/S.CHROME;Магнитная защелка L5096 WC MAG M.CHROME;;Петля врезная универсальная B020-C 100X75X2.5-4BB-1SC;Петля-бабочка B020-U 100X75X2.5-2BB-1SC;Ограничитель STP 10 S.CHROME;
Дверные ручки ELIT S-487 GRAPHITE;Защёлка сантехническая магнитная WC-5096 MAG GRAPHITE;Фиксатор WC SR-003 GRAPHITE;Петля универсальная 100X70X2.5 4BB GRAPHITE;Петля-бабочка 100X75X2.5 BUT GRAPHITE;;
Дверные ручки ELIT S-487 NICKEL;Защёлка сантехническая магнитная WC MAG 5090 CHROME;Фиксатор WC SR-003 NICKEL;Петля универсальная 100X70X2.5 4BB POLISH CHROME;;Ограничитель DS 200 CHROME;Торцевой шпингалет 401-140 CHROME
Дверные ручки EON MH-46 GR/CP-S55;Магнитная защелка M1895 GR;;Петля стальная универсальная MSN 100X70X2.5-4BB GR;;;
Дверные ручки EON MH-46 SC/CP-S55;Магнитная защелка M1895 SSC;Фиксатор MH-WC-S55 SC/CP;Петля стальная универсальная MSN 100X70X2.5-4BB SSC;;Дверной ограничитель SECRET DS SC;Торцевой шпингалет с прямоугольной планкой L160 SC
Дверные ручки EON MH-46 SC/W-S55;Магнитная защелка M1895 SSC;;Петля стальная универсальная MSN 100X70X2.5-4BB SSC;;Дверной ограничитель SECRET DS SC;Торцевой шпингалет с прямоугольной планкой L160 SC
Дверные ручки ERA A-21-50 BLACK;Магнитная защелка L5096 WC MAG BLACK;Фиксатор WC-50 BLACK;Петля врезная универсальная B020-C 100X75X2.5-4BB-1BL;Петля-бабочка B020-U 100X75X2.5-2BB-1BL;STP 10 W.GOLD;
Дверные ручки ERA A-21-50 M.CHROME;Магнитная защелка L5096 WC MAG M.CHROME;Фиксатор WC-50 M.CHROME;Петля врезная универсальная B020-C 100X75X2.5-4BB-1SC;Петля-бабочка B020-U 100X75X2.5-2BB-1SC;Ограничитель STP 10 S.CHROME;
Дверные ручки ESTA A-76-40 BLACK;Магнитная защелка L5096 WC MAG BLACK;Фиксатор WC-40 BLACK;Петля врезная универсальная B020-C 100X75X2.5-4BB-1BL;Петля-бабочка B020-U 100X75X2.5-2BB-1BL;STP 10 W.GOLD;
Дверные ручки ESTA A-76-40 M.CHROME;Магнитная защелка L5096 WC MAG M.CHROME;Фиксатор WC-40 M.CHROME;Петля врезная универсальная B020-C 100X75X2.5-4BB-1SC;Петля-бабочка B020-U 100X75X2.5-2BB-1SC;Ограничитель STP 10 S.CHROME;
Дверные ручки FINO A-13-10 CHROME/S.CHROME;Магнитная защелка L5096 WC MAG M.CHROME;;Петля врезная универсальная B020-C 100X75X2.5-4BB-1SC;Петля-бабочка B020-U 100X75X2.5-2BB-1SC;Ограничитель STP 10 S.CHROME;
Дверные ручки FINO A-13-10 GRAPHITE/ANT. BRONZE;;;Петля врезная универсальная B020-C 100X75X2.5-4BB-1GR;;;
Дверные ручки FIORD-SM BIA;Магнитная защелка M1895 W;Фиксатор LUX-WC-SM BIA;Петля стальная универсальная MSN 100X70X2.5-4BB W;;Дверной ограничитель DS1 W;Торцевой шпингалет с прямоугольной планкой L160 W
Дверные ручки FIORD-SM CSA;Магнитная защелка M1895 SSC;Фиксатор LUX-WC-SM CSA;Петля стальная универсальная MSN 100X70X2.5-4BB SSC;;Дверной ограничитель SECRET DS SC;Торцевой шпингалет с прямоугольной планкой L160 SC
Дверные ручки FIORD-SM NERO-ST;Магнитная защелка M1895 BL;Фиксатор LUX-WC-SM NERO-ST;;;Дверной ограничитель SECRET DS BL;Торцевой шпингалет с прямоугольной планкой L160 BL
Дверные ручки FIORD S5 CAFFE;;Фиксатор LUX-WC-S5 CAFFE;Петля стальная универсальная MSN 100X70X2.5-4BB COF;;Дверной ограничитель DS1 COF;
Дверные ручки FIORD S5 CRO;Магнитная защелка M1895 MSN;Фиксатор LUX-WC-S5 CRO;Петля стальная универсальная MSN 100X70X2.5-4BB MSN;;Дверной ограничитель DS1 CP;
Дверные ручки FIORD S5 CSA;Магнитная защелка M1895 SSC;Фиксатор LUX-WC-S5 CSA;Петля стальная универсальная MSN 100X70X2.5-4BB SSC;;Дверной ограничитель SECRET DS SC;Торцевой шпингалет с прямоугольной планкой L160 SC
Дверные ручки FIORD S5 NERO-ST;Магнитная защелка M1895 BL;Фиксатор LUX-WC-S5 NERO-ST;;;Дверной ограничитель SECRET DS BL;Торцевой шпингалет с прямоугольной планкой L160 BL
Дверные ручки FIORE V207 AGED BRONZE;Защёлка сантехническая магнитная WC MAG 5090 BRONZE;Фиксатор WC V003 AGED BRONZE;Петля универсальная 100X70X2.5 4W AGED BRONZE;Петля-бабочка 100X75X2.5 BUT ANTIC BRONZE;Ограничитель DS 200 BRONZE;Торцевой шпингалет 401-140 BRONZE
Дверные ручки FIORE V207 AGED SILVER;Защёлка сантехническая магнитная WC MAG 5090 GOLD;Фиксатор WC V003 AGED SILVER;Петля универсальная 100X70X2.5 4W AGED SILVER;Петля-бабочка 100X75X2.5 BUT SATIN GOLD;Ограничитель DS 200 GOLD;Торцевой шпингалет MOD 401-150 B
Дверные ручки FLAMINGO V204 ENAMEL / CHROME;Защёлка сантехническая магнитная WC-5096 MAG WHITE;Фиксатор WC V003 ENAMEL / CHROME;Петля универсальная 100X70X2.5 4W WHITE / CHROME;;;Торцевой шпингалет 401-140 WHITE
Дверные ручки FLEX MH-44 GR/CP-S55;Магнитная защелка M1895 GR;;Петля стальная универсальная MSN 100X70X2.5-4BB GR;;;
Дверные ручки FLEX MH-44 SC/CP-S55;Магнитная защелка M1895 SSC;Фиксатор MH-WC-S55 SC/CP;Петля стальная универсальная MSN 100X70X2.5-4BB SSC;;Дверной ограничитель SECRET DS SC;Торцевой шпингалет с прямоугольной планкой L160 SC
Дверные ручки FLEX MH-44 SC/W-S55;Магнитная защелка M1895 SSC;;Петля стальная универсальная MSN 100X70X2.5-4BB SSC;;Дверной ограничитель SECRET DS SC;Торцевой шпингалет с прямоугольной планкой L160 SC
Дверные ручки FOGO A-47-40 BLACK;Магнитная защелка L5096 WC MAG BLACK;Фиксатор WC-40 BLACK;Петля врезная универсальная B020-C 100X75X2.5-4BB-1BL;Петля-бабочка B020-U 100X75X2.5-2BB-1BL;STP 10 W.GOLD;
Дверные ручки FOGO A-47-40 M.CHROME;Магнитная защелка L5096 WC MAG M.CHROME;Фиксатор WC-40 M.CHROME;Петля врезная универсальная B020-C 100X75X2.5-4BB-1SC;Петля-бабочка B020-U 100X75X2.5-2BB-1SC;Ограничитель STP 10 S.CHROME;
Дверные ручки FOGO A-47-40 W.GOLD;Магнитная защелка L6-50 MAG GOLD;Фиксатор WC-40 W.GOLD;Петля врезная универсальная B020-C 100X75X2.5-4BB-1WG;Петля-бабочка B020-U 100X75X2.5-2BB-1WG;Ограничитель STP 10 W.GOLD;
Дверные ручки FORTE A-59-40 B.NICKEL;Магнитная защелка L5096 WC MAG BLACK;Фиксатор WC-40 B.NICKEL;Петля врезная универсальная B020-C 100X75X2.5-4BB-1BL;Петля-бабочка B020-U 100X75X2.5-2BB-1BL;STP 10 W.GOLD;
Дверные ручки FORTE A-59-40 BLACK;Магнитная защелка L5096 WC MAG BLACK;Фиксатор WC-40 BLACK;Петля врезная универсальная B020-C 100X75X2.5-4BB-1BL;Петля-бабочка B020-U 100X75X2.5-2BB-1BL;STP 10 W.GOLD;
Дверные ручки FORTE A-59-40 M.CHROME;Магнитная защелка L5096 WC MAG M.CHROME;Фиксатор WC-40 M.CHROME;Петля врезная универсальная B020-C 100X75X2.5-4BB-1SC;Петля-бабочка B020-U 100X75X2.5-2BB-1SC;Ограничитель STP 10 S.CHROME;
Дверные ручки FORTE A-59-40 W.GOLD;Магнитная защелка L6-50 MAG GOLD;Фиксатор WC-40 W.GOLD;Петля врезная универсальная B020-C 100X75X2.5-4BB-1WG;Петля-бабочка B020-U 100X75X2.5-2BB-1WG;Ограничитель STP 10 W.GOLD;
Дверные ручки FOSTER MHR-1 AB;Магнитная защелка M1895 AB;Фиксатор MH-WC AB;Петля стальная универсальная MSN 100X70X2.5-4BB AB;;Дверной ограничитель DS8 IB;Торцевой шпингалет с прямоугольной планкой L160 AB
Дверные ручки FOSTER MHR-1 BL;Магнитная защелка M1895 BL;Фиксатор MH-WC BL;;;Дверной ограничитель SECRET DS BL;Торцевой шпингалет с прямоугольной планкой L160 BL
Дверные ручки FOSTER MHR-1 SC;Магнитная защелка M1895 SSC;;Петля стальная универсальная MSN 100X70X2.5-4BB SSC;;Дверной ограничитель SECRET DS SC;Торцевой шпингалет с прямоугольной планкой L160 SC
Дверные ручки FOSTER MHR-1 SN;Магнитная защелка M1895 SN;;Петля стальная универсальная MSN 100X70X2.5-4BB SN;;Дверной ограничитель DS1 SN;Торцевой шпингалет с прямоугольной планкой L160 SN
Дверные ручки FOUNTAIN MH-04 SN/BN;Магнитная защелка M1895 SN;Фиксатор MH-WC SN/BN;Петля стальная универсальная MSN 100X70X2.5-4BB SN;;Дверной ограничитель DS1 SN;Торцевой шпингалет с прямоугольной планкой L160 SN
Дверные ручки FOUNTAIN MH-04 SN/CP;Магнитная защелка M1895 SN;Фиксатор MH-WC SN/CP;Петля стальная универсальная MSN 100X70X2.5-4BB SN;;Дверной ограничитель DS1 SN;Торцевой шпингалет с прямоугольной планкой L160 SN
Дверные ручки FRESCO A-55-40 B.NICKEL;Магнитная защелка L5096 WC MAG BLACK;Фиксатор WC-40 B.NICKEL;Петля врезная универсальная B020-C 100X75X2.5-4BB-1BL;Петля-бабочка B020-U 100X75X2.5-2BB-1BL;STP 10 W.GOLD;
Дверные ручки FRESCO A-55-40 BLACK;Магнитная защелка L5096 WC MAG BLACK;Фиксатор WC-40 BLACK;Петля врезная универсальная B020-C 100X75X2.5-4BB-1BL;Петля-бабочка B020-U 100X75X2.5-2BB-1BL;STP 10 W.GOLD;
Дверные ручки FRESCO A-55-40 M.CHROME;Магнитная защелка L5096 WC MAG M.CHROME;Фиксатор WC-40 M.CHROME;Петля врезная универсальная B020-C 100X75X2.5-4BB-1SC;Петля-бабочка B020-U 100X75X2.5-2BB-1SC;Ограничитель STP 10 S.CHROME;
Дверные ручки FRESCO A-55-40 W.GOLD;Магнитная защелка L6-50 MAG GOLD;Фиксатор WC-40 W.GOLD;Петля врезная универсальная B020-C 100X75X2.5-4BB-1WG;Петля-бабочка B020-U 100X75X2.5-2BB-1WG;Ограничитель STP 10 W.GOLD;
Дверные ручки FUKOKU MH-28 BL-S;Магнитная защелка M1895 BL;Фиксатор MH-WC-S BL;;;Дверной ограничитель SECRET DS BL;Торцевой шпингалет с прямоугольной планкой L160 BL
Дверные ручки FUKOKU MH-28 SC/CP-S;Магнитная защелка M1895 SSC;Фиксатор MH-WC-S SC/CP;Петля стальная универсальная MSN 100X70X2.5-4BB SSC;;Дверной ограничитель SECRET DS SC;Торцевой шпингалет с прямоугольной планкой L160 SC
Дверные ручки FUKOKU MH-28 SN/BN-S;Магнитная защелка M1895 SN;Фиксатор MH-WC-S SN/BN;Петля стальная универсальная MSN 100X70X2.5-4BB SN;;Дверной ограничитель DS1 SN;Торцевой шпингалет с прямоугольной планкой L160 SN
Дверные ручки GALACTIC S5 CAFFE;;Фиксатор LUX-WC-S5 CAFFE;Петля стальная универсальная MSN 100X70X2.5-4BB COF;;Дверной ограничитель DS1 COF;
Дверные ручки GALACTIC S5 CRO;Магнитная защелка M1895 MSN;Фиксатор LUX-WC-S5 CRO;Петля стальная универсальная MSN 100X70X2.5-4BB MSN;;Дверной ограничитель DS1 CP;
Дверные ручки GALACTIC S5 CSA;Магнитная защелка M1895 SSC;Фиксатор LUX-WC-S5 CSA;Петля стальная универсальная MSN 100X70X2.5-4BB SSC;;Дверной ограничитель SECRET DS SC;Торцевой шпингалет с прямоугольной планкой L160 SC
Дверные ручки GALACTIC S5 NERO-ST;Магнитная защелка M1895 BL;Фиксатор LUX-WC-S5 NERO-ST;;;Дверной ограничитель SECRET DS BL;Торцевой шпингалет с прямоугольной планкой L160 BL
Дверные ручки GARAK MH-59-R6 BL;Магнитная защелка M1895 BL;Фиксатор MH-WC-R6 BL;;;Дверной ограничитель SECRET DS BL;Торцевой шпингалет с прямоугольной планкой L160 BL
Дверные ручки GARAK MH-59-R6 MSN;Магнитная защелка M1895 MSN;Фиксатор MH-WC-R6 MSN;Петля стальная универсальная MSN 100X70X2.5-4BB MSN;;Дверной ограничитель DS1 CP;
Дверные ручки GARAK MH-59-R6 SC;Магнитная защелка M1895 SSC;Фиксатор MH-WC-R6 SC;Петля стальная универсальная MSN 100X70X2.5-4BB SSC;;Дверной ограничитель SECRET DS SC;Торцевой шпингалет с прямоугольной планкой L160 SC
Дверные ручки GIUSEPPE MH-22-CLP W/PC;Магнитная защелка M1895 MSN;Фиксатор MH-WC-CLP W/PC;Петля стальная универсальная MSN 100X70X2.5-4BB MSN;;Дверной ограничитель DS1 CP;
Дверные ручки GIUSEPPE MH-22-CLP W/PG;Магнитная защелка M1895 FTG;Фиксатор MH-WC-CLP W/PG;Петля стальная универсальная MSN 100X70X2.5-4BB PG;;Дверной ограничитель DS1 GP;Торцевой шпингалет с прямоугольной планкой L160 PG
Дверные ручки GIUSEPPE MH-22 COF;;Фиксатор MH-WC COF;Петля стальная универсальная MSN 100X70X2.5-4BB COF;;Дверной ограничитель DS1 COF;
Дверные ручки GRACE S-549 BLACK;Защёлка сантехническая магнитная WC-5096 MAG BLACK NICKEL;Фиксатор WC SQ-003 BLACK;Петля универсальная 100X70X2.5 4BB BLACK;Петля-бабочка 100X75X2.5 BUT BLACK;Ограничитель DS 200 BLACK;Торцевой шпингалет 401-140 BLACK
Дверные ручки GRACE S-549 NICKEL;Защёлка сантехническая магнитная WC MAG 5090 CHROME;Фиксатор WC SQ-003 NICKEL;Петля универсальная 100X70X2.5 4BB POLISH CHROME;;Ограничитель DS 200 CHROME;Торцевой шпингалет 401-140 CHROME
Дверные ручки GRAND CARAT R5 CAFFE;;Фиксатор LUX-WC-R5 CAFFE;Петля стальная универсальная MSN 100X70X2.5-4BB COF;;Дверной ограничитель DS1 COF;
Дверные ручки GRAND CARAT R5 CSA;Магнитная защелка M1895 SSC;Фиксатор LUX-WC-R5 CSA;Петля стальная универсальная MSN 100X70X2.5-4BB SSC;;Дверной ограничитель SECRET DS SC;Торцевой шпингалет с прямоугольной планкой L160 SC
Дверные ручки GRAND CARAT R5 NERO-ST;Магнитная защелка M1895 BL;Фиксатор LUX-WC-R5 NERO-ST;;;Дверной ограничитель SECRET DS BL;Торцевой шпингалет с прямоугольной планкой L160 BL
Дверные ручки GRANE Q560 BLACK;Защёлка сантехническая магнитная WC-5096 MAG BLACK NICKEL;Фиксатор WC Q003 BLACK;Петля универсальная 100X70X2.5 4BB BLACK;Петля-бабочка 100X75X2.5 BUT BLACK;Ограничитель DS 200 BLACK;Торцевой шпингалет 401-140 BLACK
Дверные ручки GRANE Q560 NICKEL;Защёлка сантехническая магнитная WC MAG 5090 CHROME;;Петля универсальная 100X70X2.5 4BB POLISH CHROME;;Ограничитель DS 200 CHROME;Торцевой шпингалет 401-140 CHROME
Дверные ручки GRANE S-560 GRAPHITE;Защёлка сантехническая магнитная WC-5096 MAG GRAPHITE;Фиксатор WC SQ-003 GRAPHITE;Петля универсальная 100X70X2.5 4BB GRAPHITE;Петля-бабочка 100X75X2.5 BUT GRAPHITE;;
Дверные ручки GRANE S-560 WHITE;Защёлка сантехническая магнитная WC-5096 MAG WHITE;Фиксатор WC SQ-003 WHITE;Петля универсальная 100X70X2.5 4W WHITE / CHROME;;;Торцевой шпингалет 401-140 WHITE
Дверные ручки GROUND Q506 BLACK;Защёлка сантехническая магнитная WC-5096 MAG BLACK NICKEL;Фиксатор WC Q003 BLACK;Петля универсальная 100X70X2.5 4BB BLACK;Петля-бабочка 100X75X2.5 BUT BLACK;Ограничитель DS 200 BLACK;Торцевой шпингалет 401-140 BLACK
Дверные ручки GVI MH-29 SC/CP-S;Магнитная защелка M1895 SSC;Фиксатор MH-WC-S SC/CP;Петля стальная универсальная MSN 100X70X2.5-4BB SSC;;Дверной ограничитель SECRET DS SC;Торцевой шпингалет с прямоугольной планкой L160 SC
Дверные ручки HALL MH-19 SC/CP;Магнитная защелка M1895 SSC;Фиксатор MH-WC SC/CP;Петля стальная универсальная MSN 100X70X2.5-4BB SSC;;Дверной ограничитель SECRET DS SC;Торцевой шпингалет с прямоугольной планкой L160 SC
Дверные ручки HERMITAGE I MH-30 COF;;Фиксатор MH-WC COF;Петля стальная универсальная MSN 100X70X2.5-4BB COF;;Дверной ограничитель DS1 COF;
Дверные ручки HERMITAGE III MH-32 COF;;Фиксатор MH-WC COF;Петля стальная универсальная MSN 100X70X2.5-4BB COF;;Дверной ограничитель DS1 COF;
Дверные ручки HOME Q532 BLACK;Защёлка сантехническая магнитная WC-5096 MAG BLACK NICKEL;Фиксатор WC Q003 BLACK;Петля универсальная 100X70X2.5 4BB BLACK;Петля-бабочка 100X75X2.5 BUT BLACK;Ограничитель DS 200 BLACK;Торцевой шпингалет 401-140 BLACK
Дверные ручки HORIZONT-SM BIA;Магнитная защелка M1895 W;Фиксатор LUX-WC-SM BIA;Петля стальная универсальная MSN 100X70X2.5-4BB W;;Дверной ограничитель DS1 W;Торцевой шпингалет с прямоугольной планкой L160 W
Дверные ручки HORIZONT-SM CSA;Магнитная защелка M1895 SSC;Фиксатор LUX-WC-SM CSA;Петля стальная универсальная MSN 100X70X2.5-4BB SSC;;Дверной ограничитель SECRET DS SC;Торцевой шпингалет с прямоугольной планкой L160 SC
Дверные ручки HORIZONT-SM NERO-ST;Магнитная защелка M1895 BL;Фиксатор LUX-WC-SM NERO-ST;;;Дверной ограничитель SECRET DS BL;Торцевой шпингалет с прямоугольной планкой L160 BL
Дверные ручки HORIZONT S5 ANT;;Фиксатор LUX-WC-S5 ANT;;;;
Дверные ручки HORIZONT S5 BIA;Магнитная защелка M1895 W;Фиксатор LUX-WC-S5 BIA;Петля стальная универсальная MSN 100X70X2.5-4BB W;;Дверной ограничитель DS1 W;Торцевой шпингалет с прямоугольной планкой L160 W
Дверные ручки HORIZONT S5 CAFFE;;Фиксатор LUX-WC-S5 CAFFE;Петля стальная универсальная MSN 100X70X2.5-4BB COF;;Дверной ограничитель DS1 COF;
Дверные ручки HORIZONT S5 CRO;Магнитная защелка M1895 MSN;Фиксатор LUX-WC-S5 CRO;Петля стальная универсальная MSN 100X70X2.5-4BB MSN;;Дверной ограничитель DS1 CP;
Дверные ручки HORIZONT S5 CSA;Магнитная защелка M1895 SSC;Фиксатор LUX-WC-S5 CSA;Петля стальная универсальная MSN 100X70X2.5-4BB SSC;;Дверной ограничитель SECRET DS SC;Торцевой шпингалет с прямоугольной планкой L160 SC
Дверные ручки HORIZONT S5 NERO-ST;Магнитная защелка M1895 BL;Фиксатор LUX-WC-S5 NERO-ST;;;Дверной ограничитель SECRET DS BL;Торцевой шпингалет с прямоугольной планкой L160 BL
Дверные ручки HORIZONT S5 OSA;Магнитная защелка M1895 FTG;Фиксатор LUX-WC-S5 OSA;Петля стальная универсальная MSN 100X70X2.5-4BB PG;;Дверной ограничитель DS1 GP;Торцевой шпингалет с прямоугольной планкой L160 PG
Дверные ручки HORIZONT S5 OTL;Магнитная защелка M1895 FTG;Фиксатор LUX-WC-S5 OTL;Петля стальная универсальная MSN 100X70X2.5-4BB PG;;Дверной ограничитель DS1 GP;Торцевой шпингалет с прямоугольной планкой L160 PG
Дверные ручки ISLAND NC-1-S1 CSA/CRO;Магнитная защелка M1895 SSC;Фиксатор LUX-WC-S1 CRO;Петля стальная универсальная MSN 100X70X2.5-4BB SSC;;Дверной ограничитель SECRET DS SC;Торцевой шпингалет с прямоугольной планкой L160 SC
Дверные ручки ISOLA V209 AGED BRONZE;Защёлка сантехническая магнитная WC MAG 5090 BRONZE;Фиксатор WC V003 AGED BRONZE;Петля универсальная 100X70X2.5 4W AGED BRONZE;Петля-бабочка 100X75X2.5 BUT ANTIC BRONZE;Ограничитель DS 200 BRONZE;Торцевой шпингалет 401-140 BRONZE
Дверные ручки ISOLA V209 AGED GOLD;Защёлка сантехническая магнитная WC MAG 5090 GOLD;Фиксатор WC V003 AGED GOLD;Петля универсальная 100X70X2.5 4W AGED SILVER;Петля-бабочка 100X75X2.5 BUT SATIN GOLD;Ограничитель DS 200 GOLD;Торцевой шпингалет MOD 401-150 B
Дверные ручки JURA MH-43 SC/CP-S;Магнитная защелка M1895 SSC;Фиксатор MH-WC-S SC/CP;Петля стальная универсальная MSN 100X70X2.5-4BB SSC;;Дверной ограничитель SECRET DS SC;Торцевой шпингалет с прямоугольной планкой L160 SC
Дверные ручки KAFFEE MH-50-S6 BL;Магнитная защелка M1895 BL;Фиксатор MH-WC-S6 BL;;;Дверной ограничитель SECRET DS BL;Торцевой шпингалет с прямоугольной планкой L160 BL
Дверные ручки KAFFEE MH-50-S6 SC;Магнитная защелка M1895 SSC;Фиксатор MH-WC-S6 ASC;Петля стальная универсальная MSN 100X70X2.5-4BB SSC;;Дверной ограничитель SECRET DS SC;Торцевой шпингалет с прямоугольной планкой L160 SC
Дверные ручки KAFFEE MH-50-S6 W;Магнитная защелка M1895 W;Фиксатор MH-WC-S6 W;Петля стальная универсальная MSN 100X70X2.5-4BB W;;Дверной ограничитель DS1 W;Торцевой шпингалет с прямоугольной планкой L160 W
Дверные ручки LAND MH-60-R6 BL;Магнитная защелка M1895 BL;Фиксатор MH-WC-R6 BL;;;Дверной ограничитель SECRET DS BL;Торцевой шпингалет с прямоугольной планкой L160 BL
Дверные ручки LAND MH-60-R6 SC;Магнитная защелка M1895 SSC;Фиксатор MH-WC-R6 SC;Петля стальная универсальная MSN 100X70X2.5-4BB SSC;;Дверной ограничитель SECRET DS SC;Торцевой шпингалет с прямоугольной планкой L160 SC
Дверные ручки LE BOAT R5 OSA;Магнитная защелка M1895 FTG;Фиксатор LUX-WC-R5 OSA;Петля стальная универсальная MSN 100X70X2.5-4BB PG;;Дверной ограничитель DS1 GP;Торцевой шпингалет с прямоугольной планкой L160 PG
Дверные ручки LE BOAT R5 OTL;Магнитная защелка M1895 FTG;Фиксатор LUX-WC-R5 OTL;Петля стальная универсальная MSN 100X70X2.5-4BB PG;;Дверной ограничитель DS1 GP;Торцевой шпингалет с прямоугольной планкой L160 PG
Дверные ручки LEDO S-522 BLACK;Защёлка сантехническая магнитная WC-5096 MAG BLACK NICKEL;Фиксатор WC SQ-003 BLACK;Петля универсальная 100X70X2.5 4BB BLACK;Петля-бабочка 100X75X2.5 BUT BLACK;Ограничитель DS 200 BLACK;Торцевой шпингалет 401-140 BLACK
Дверные ручки LEGEND A123 GOLD;Защёлка сантехническая магнитная WC MAG 5090 GOLD;Фиксатор WC 003 GOLD;Петля универсальная 100X70X2.5 4W AGED SILVER;Петля-бабочка 100X75X2.5 BUT SATIN GOLD;Ограничитель DS 200 GOLD;Торцевой шпингалет MOD 401-150 B
Дверные ручки LIMPO A-65-30 S.CHROME;Магнитная защелка L5096 WC MAG M.CHROME;Фиксатор WC-30 S.CHROME;Петля врезная универсальная B020-C 100X75X2.5-4BB-1SC;Петля-бабочка B020-U 100X75X2.5-2BB-1SC;Ограничитель STP 10 S.CHROME;
Дверные ручки LINDO A-34-10 CHROME/S.CHROME;Магнитная защелка L5096 WC MAG M.CHROME;;Петля врезная универсальная B020-C 100X75X2.5-4BB-1SC;Петля-бабочка B020-U 100X75X2.5-2BB-1SC;Ограничитель STP 10 S.CHROME;
Дверные ручки LINDO A-34-10 GRAPHITE/ANT. BRONZE;;;Петля врезная универсальная B020-C 100X75X2.5-4BB-1GR;;;
Дверные ручки LION'S PAW MH-05 AB;Магнитная защелка M1895 AB;Фиксатор MH-WC AB;Петля стальная универсальная MSN 100X70X2.5-4BB AB;;Дверной ограничитель DS8 IB;Торцевой шпингалет с прямоугольной планкой L160 AB
Дверные ручки LONDON EYE MH-26 MAB/AB;Магнитная защелка M1895 AB;Фиксатор MH-WC MAB;Петля стальная универсальная MSN 100X70X2.5-4BB AB;;Дверной ограничитель DS8 IB;Торцевой шпингалет с прямоугольной планкой L160 AB
Дверные ручки LONDON EYE MH-26 SC/CP;Магнитная защелка M1895 SSC;Фиксатор MH-WC SC/CP;Петля стальная универсальная MSN 100X70X2.5-4BB SSC;;Дверной ограничитель SECRET DS SC;Торцевой шпингалет с прямоугольной планкой L160 SC
Дверные ручки LONDON EYE MH-26 SG/GP;Магнитная защелка M1895 FTG;Фиксатор MH-WC SG/GP;Петля стальная универсальная MSN 100X70X2.5-4BB PG;;Дверной ограничитель DS1 GP;Торцевой шпингалет с прямоугольной планкой L160 PG
Дверные ручки LOT MH-56-S6 BL;Магнитная защелка M1895 BL;Фиксатор MH-WC-S6 BL;;;Дверной ограничитель SECRET DS BL;Торцевой шпингалет с прямоугольной планкой L160 BL
Дверные ручки LOT MH-56-S6 GR;Магнитная защелка M1895 GR;Фиксатор MH-WC-S6 GR;Петля стальная универсальная MSN 100X70X2.5-4BB GR;;;
Дверные ручки LOT MH-56-S6 MSG;Магнитная защелка M1895 FTG;Фиксатор MH-WC-S6 MSG;Петля стальная универсальная MSN 100X70X2.5-4BB PG;;Дверной ограничитель DS1 GP;Торцевой шпингалет с прямоугольной планкой L160 PG
Дверные ручки LOT MH-56-S6 MSN;Магнитная защелка M1895 MSN;Фиксатор MH-WC-S6 MSN;Петля стальная универсальная MSN 100X70X2.5-4BB MSN;;Дверной ограничитель DS1 CP;
Дверные ручки LOT MH-56-S6 SSC;Магнитная защелка M1895 SSC;Фиксатор MH-WC-S6 SSC;Петля стальная универсальная MSN 100X70X2.5-4BB SSC;;Дверной ограничитель SECRET DS SC;Торцевой шпингалет с прямоугольной планкой L160 SC
Дверные ручки LUX-WC-SH ANT;;;;;;
Дверные ручки LUX-WC-SH BIA;Магнитная защелка M1895 W;;Петля стальная универсальная MSN 100X70X2.5-4BB W;;Дверной ограничитель DS1 W;Торцевой шпингалет с прямоугольной планкой L160 W
Дверные ручки LUX-WC-SH CAFFE;;;Петля стальная универсальная MSN 100X70X2.5-4BB COF;;Дверной ограничитель DS1 COF;
Дверные ручки LUX-WC-SH CSA;Магнитная защелка M1895 SSC;;Петля стальная универсальная MSN 100X70X2.5-4BB SSC;;Дверной ограничитель SECRET DS SC;Торцевой шпингалет с прямоугольной планкой L160 SC
Дверные ручки LUX-WC-SH NERO-ST;Магнитная защелка M1895 BL;;;;Дверной ограничитель SECRET DS BL;Торцевой шпингалет с прямоугольной планкой L160 BL
Дверные ручки LUX-WC-UN ANT;;;;;;
Дверные ручки LUX-WC-UN BIA;Магнитная защелка M1895 W;;Петля стальная универсальная MSN 100X70X2.5-4BB W;;Дверной ограничитель DS1 W;Торцевой шпингалет с прямоугольной планкой L160 W
Дверные ручки LUX-WC-UN CAFFE;;;Петля стальная универсальная MSN 100X70X2.5-4BB COF;;Дверной ограничитель DS1 COF;
Дверные ручки LUX-WC-UN CSA;Магнитная защелка M1895 SSC;;Петля стальная универсальная MSN 100X70X2.5-4BB SSC;;Дверной ограничитель SECRET DS SC;Торцевой шпингалет с прямоугольной планкой L160 SC
Дверные ручки LUX-WC-UN NERO-ST;Магнитная защелка M1895 BL;;;;Дверной ограничитель SECRET DS BL;Торцевой шпингалет с прямоугольной планкой L160 BL
Дверные ручки LYRE S-489 GRAPHITE;Защёлка сантехническая магнитная WC-5096 MAG GRAPHITE;Фиксатор WC SR-003 GRAPHITE;Петля универсальная 100X70X2.5 4BB GRAPHITE;Петля-бабочка 100X75X2.5 BUT GRAPHITE;;
Дверные ручки LYRE S-489 NICKEL;Защёлка сантехническая магнитная WC MAG 5090 CHROME;Фиксатор WC SR-003 NICKEL;Петля универсальная 100X70X2.5 4BB POLISH CHROME;;Ограничитель DS 200 CHROME;Торцевой шпингалет 401-140 CHROME
Дверные ручки MAGLEV MH-52-S6 BL;Магнитная защелка M1895 BL;Фиксатор MH-WC-S6 BL;;;Дверной ограничитель SECRET DS BL;Торцевой шпингалет с прямоугольной планкой L160 BL
Дверные ручки MAGLEV MH-52-S6 SC;Магнитная защелка M1895 SSC;Фиксатор MH-WC-S6 ASC;Петля стальная универсальная MSN 100X70X2.5-4BB SSC;;Дверной ограничитель SECRET DS SC;Торцевой шпингалет с прямоугольной планкой L160 SC
Дверные ручки MAGLEV MH-52-S6 W;Магнитная защелка M1895 W;Фиксатор MH-WC-S6 W;Петля стальная универсальная MSN 100X70X2.5-4BB W;;Дверной ограничитель DS1 W;Торцевой шпингалет с прямоугольной планкой L160 W
Дверные ручки MARACANA MH-62-R50 BL;Магнитная защелка M1895 BL;;;;Дверной ограничитель SECRET DS BL;Торцевой шпингалет с прямоугольной планкой L160 BL
Дверные ручки MARACANA MH-62-R50 WD BL;Магнитная защелка M1895 BL;;;;Дверной ограничитель SECRET DS BL;Торцевой шпингалет с прямоугольной планкой L160 BL
Дверные ручки MART MH-42-CLASSIC OMB/CH;Магнитная защелка M1895 AB;Фиксатор MH-WC-CLASSIC OMS;Петля стальная универсальная MSN 100X70X2.5-4BB AB;;Дверной ограничитель DS8 IB;Торцевой шпингалет с прямоугольной планкой L160 AB
Дверные ручки MART MH-42-CLASSIC OMS/GR;Магнитная защелка M1895 MSN;;Петля стальная универсальная MSN 100X70X2.5-4BB MSN;;Дверной ограничитель DS1 CP;
Дверные ручки MART MH-42-CLASSIC PC/W;Магнитная защелка M1895 MSN;Фиксатор MH-WC-CLASSIC PC;Петля стальная универсальная MSN 100X70X2.5-4BB MSN;;Дверной ограничитель DS1 CP;
Дверные ручки MART MH-42-CLASSIC PG/W;Магнитная защелка M1895 FTG;Фиксатор MH-WC-CLASSIC PG;Петля стальная универсальная MSN 100X70X2.5-4BB PG;;Дверной ограничитель DS1 GP;Торцевой шпингалет с прямоугольной планкой L160 PG
Дверные ручки MARY CC-2 FEA;Магнитная защелка M1895 AB;Фиксатор CC-WC FEA;Петля стальная универсальная MSN 100X70X2.5-4BB AB;;Дверной ограничитель DS8 IB;Торцевой шпингалет с прямоугольной планкой L160 AB
Дверные ручки MARY CC-2 OBA;Магнитная защелка M1895 AB;Фиксатор CC-WC OBA;Петля стальная универсальная MSN 100X70X2.5-4BB AB;;Дверной ограничитель DS8 IB;Торцевой шпингалет с прямоугольной планкой L160 AB
Дверные ручки MERCURY MH-53-S6 BL;Магнитная защелка M1895 BL;Фиксатор MH-WC-S6 BL;;;Дверной ограничитель SECRET DS BL;Торцевой шпингалет с прямоугольной планкой L160 BL
Дверные ручки MERCURY MH-53-S6 SC;Магнитная защелка M1895 SSC;Фиксатор MH-WC-S6 ASC;Петля стальная универсальная MSN 100X70X2.5-4BB SSC;;Дверной ограничитель SECRET DS SC;Торцевой шпингалет с прямоугольной планкой L160 SC
Дверные ручки MERCURY MH-53-S6 W;Магнитная защелка M1895 W;Фиксатор MH-WC-S6 W;Петля стальная универсальная MSN 100X70X2.5-4BB W;;Дверной ограничитель DS1 W;Торцевой шпингалет с прямоугольной планкой L160 W
Дверные ручки MIRA MH-54-S6 BL;Магнитная защелка M1895 BL;Фиксатор MH-WC-S6 BL;;;Дверной ограничитель SECRET DS BL;Торцевой шпингалет с прямоугольной планкой L160 BL
Дверные ручки MIRA MH-54-S6 GR;Магнитная защелка M1895 GR;Фиксатор MH-WC-S6 GR;Петля стальная универсальная MSN 100X70X2.5-4BB GR;;;
Дверные ручки MIRA MH-54-S6 MSN;Магнитная защелка M1895 MSN;Фиксатор MH-WC-S6 MSN;Петля стальная универсальная MSN 100X70X2.5-4BB MSN;;Дверной ограничитель DS1 CP;
Дверные ручки MIRA MH-54-S6 SSC;Магнитная защелка M1895 SSC;Фиксатор MH-WC-S6 SSC;Петля стальная универсальная MSN 100X70X2.5-4BB SSC;;Дверной ограничитель SECRET DS SC;Торцевой шпингалет с прямоугольной планкой L160 SC
Дверные ручки MIRA MH-54-S6 W;Магнитная защелка M1895 W;Фиксатор MH-WC-S6 W;Петля стальная универсальная MSN 100X70X2.5-4BB W;;Дверной ограничитель DS1 W;Торцевой шпингалет с прямоугольной планкой L160 W
Дверные ручки MIRAGE MH-14 MAB;Магнитная защелка M1895 AB;Фиксатор MH-WC MAB;Петля стальная универсальная MSN 100X70X2.5-4BB AB;;Дверной ограничитель DS8 IB;Торцевой шпингалет с прямоугольной планкой L160 AB
Дверные ручки MIRAGE MH-14 SN/CP;Магнитная защелка M1895 SN;Фиксатор MH-WC SN/CP;Петля стальная универсальная MSN 100X70X2.5-4BB SN;;Дверной ограничитель DS1 SN;Торцевой шпингалет с прямоугольной планкой L160 SN
Дверные ручки MOSAIC MH-11 MAB/AB;Магнитная защелка M1895 AB;Фиксатор MH-WC MAB;Петля стальная универсальная MSN 100X70X2.5-4BB AB;;Дверной ограничитель DS8 IB;Торцевой шпингалет с прямоугольной планкой L160 AB
Дверные ручки MOSAIC MH-11 SN/CP;Магнитная защелка M1895 SN;Фиксатор MH-WC SN/CP;Петля стальная универсальная MSN 100X70X2.5-4BB SN;;Дверной ограничитель DS1 SN;Торцевой шпингалет с прямоугольной планкой L160 SN
Дверные ручки NEW ENGLAND MH-63-S50 BL;Магнитная защелка M1895 BL;;;;Дверной ограничитель SECRET DS BL;Торцевой шпингалет с прямоугольной планкой L160 BL
Дверные ручки NEW ENGLAND MH-63-S50 WD BL;Магнитная защелка M1895 BL;;;;Дверной ограничитель SECRET DS BL;Торцевой шпингалет с прямоугольной планкой L160 BL
Дверные ручки NOVO A-18-40 BLACK;Магнитная защелка L5096 WC MAG BLACK;Фиксатор WC-40 BLACK;Петля врезная универсальная B020-C 100X75X2.5-4BB-1BL;Петля-бабочка B020-U 100X75X2.5-2BB-1BL;STP 10 W.GOLD;
Дверные ручки NOVO A-18-40 M.CHROME;Магнитная защелка L5096 WC MAG M.CHROME;Фиксатор WC-40 M.CHROME;Петля врезная универсальная B020-C 100X75X2.5-4BB-1SC;Петля-бабочка B020-U 100X75X2.5-2BB-1SC;Ограничитель STP 10 S.CHROME;
Дверные ручки NOVO A-18-40 W.GOLD;Магнитная защелка L6-50 MAG GOLD;Фиксатор WC-40 W.GOLD;Петля врезная универсальная B020-C 100X75X2.5-4BB-1WG;Петля-бабочка B020-U 100X75X2.5-2BB-1WG;Ограничитель STP 10 W.GOLD;
Дверные ручки OAKA MH-61-R6 BL;Магнитная защелка M1895 BL;Фиксатор MH-WC-R6 BL;;;Дверной ограничитель SECRET DS BL;Торцевой шпингалет с прямоугольной планкой L160 BL
Дверные ручки OAKA MH-61-R6 SC;Магнитная защелка M1895 SSC;Фиксатор MH-WC-R6 SC;Петля стальная универсальная MSN 100X70X2.5-4BB SSC;;Дверной ограничитель SECRET DS SC;Торцевой шпингалет с прямоугольной планкой L160 SC
Дверные ручки ORLA A-32-50 BLACK;Магнитная защелка L5096 WC MAG BLACK;Фиксатор WC-50 BLACK;Петля врезная универсальная B020-C 100X75X2.5-4BB-1BL;Петля-бабочка B020-U 100X75X2.5-2BB-1BL;STP 10 W.GOLD;
Дверные ручки ORLA A-32-50 W.GOLD;Магнитная защелка L6-50 MAG GOLD;Фиксатор WC-50 W.GOLD;Петля врезная универсальная B020-C 100X75X2.5-4BB-1WG;Петля-бабочка B020-U 100X75X2.5-2BB-1WG;Ограничитель STP 10 W.GOLD;
Дверные ручки PALAZZO II MH-02 MAB/AB;Магнитная защелка M1895 AB;Фиксатор MH-WC MAB;Петля стальная универсальная MSN 100X70X2.5-4BB AB;;Дверной ограничитель DS8 IB;Торцевой шпингалет с прямоугольной планкой L160 AB
Дверные ручки PALAZZO II MH-02 SN/CP;Магнитная защелка M1895 SN;Фиксатор MH-WC SN/CP;Петля стальная универсальная MSN 100X70X2.5-4BB SN;;Дверной ограничитель DS1 SN;Торцевой шпингалет с прямоугольной планкой L160 SN
Дверные ручки PALAZZO MH-02P MAB/AB;Магнитная защелка M1895 AB;Фиксатор MH-WC MAB;Петля стальная универсальная MSN 100X70X2.5-4BB AB;;Дверной ограничитель DS8 IB;Торцевой шпингалет с прямоугольной планкой L160 AB
Дверные ручки PALAZZO MH-02P SN/CP;Магнитная защелка M1895 SN;Фиксатор MH-WC SN/CP;Петля стальная универсальная MSN 100X70X2.5-4BB SN;;Дверной ограничитель DS1 SN;Торцевой шпингалет с прямоугольной планкой L160 SN
Дверные ручки PALAZZO V201 AGED BRONZE;Защёлка сантехническая магнитная WC MAG 5090 BRONZE;Фиксатор WC V003 AGED BRONZE;Петля универсальная 100X70X2.5 4W AGED BRONZE;Петля-бабочка 100X75X2.5 BUT ANTIC BRONZE;Ограничитель DS 200 BRONZE;Торцевой шпингалет 401-140 BRONZE
Дверные ручки PALAZZO V201 ENAMEL / CHROME;Защёлка сантехническая магнитная WC-5096 MAG WHITE;Фиксатор WC V003 ENAMEL / CHROME;Петля универсальная 100X70X2.5 4W WHITE / CHROME;;;Торцевой шпингалет 401-140 WHITE
Дверные ручки PANATHENAIC R5 CAFFE;;Фиксатор LUX-WC-R5 CAFFE;Петля стальная универсальная MSN 100X70X2.5-4BB COF;;Дверной ограничитель DS1 COF;
Дверные ручки PANATHENAIC R5 CSA;Магнитная защелка M1895 SSC;Фиксатор LUX-WC-R5 CSA;Петля стальная универсальная MSN 100X70X2.5-4BB SSC;;Дверной ограничитель SECRET DS SC;Торцевой шпингалет с прямоугольной планкой L160 SC
Дверные ручки PANATHENAIC R5 NERO-ST;Магнитная защелка M1895 BL;Фиксатор LUX-WC-R5 NERO-ST;;;Дверной ограничитель SECRET DS BL;Торцевой шпингалет с прямоугольной планкой L160 BL
Дверные ручки PANTS MH-35 BL-S;Магнитная защелка M1895 BL;Фиксатор MH-WC-S BL;;;Дверной ограничитель SECRET DS BL;Торцевой шпингалет с прямоугольной планкой L160 BL
Дверные ручки PANTS MH-35 SN/BN-S;Магнитная защелка M1895 SN;Фиксатор MH-WC-S SN/BN;Петля стальная универсальная MSN 100X70X2.5-4BB SN;;Дверной ограничитель DS1 SN;Торцевой шпингалет с прямоугольной планкой L160 SN
Дверные ручки PAREJO A193 CHROME;Защёлка сантехническая магнитная WC MAG 5090 CHROME;Фиксатор WC 003 CHROME;Петля универсальная 100X70X2.5 4BB POLISH CHROME;;Ограничитель DS 200 CHROME;Торцевой шпингалет 401-140 CHROME
Дверные ручки PIANA Q307 BLACK;Защёлка сантехническая магнитная WC-5096 MAG BLACK NICKEL;Фиксатор WC Q003 BLACK;Петля универсальная 100X70X2.5 4BB BLACK;Петля-бабочка 100X75X2.5 BUT BLACK;Ограничитель DS 200 BLACK;Торцевой шпингалет 401-140 BLACK
Дверные ручки PIANA Q307 SATIN CHROME;Защёлка сантехническая магнитная WC MAG 5090 CHROME;;Петля универсальная 100X70X2.5 4BB POLISH CHROME;;Ограничитель DS 200 CHROME;Торцевой шпингалет 401-140 CHROME
Дверные ручки PIERRES MH-49-S6 BL;Магнитная защелка M1895 BL;Фиксатор MH-WC-S6 BL;;;Дверной ограничитель SECRET DS BL;Торцевой шпингалет с прямоугольной планкой L160 BL
Дверные ручки PIERRES MH-49-S6 SC;Магнитная защелка M1895 SSC;Фиксатор MH-WC-S6 ASC;Петля стальная универсальная MSN 100X70X2.5-4BB SSC;;Дверной ограничитель SECRET DS SC;Торцевой шпингалет с прямоугольной планкой L160 SC
Дверные ручки PIERRES MH-49-S6 W;Магнитная защелка M1895 W;Фиксатор MH-WC-S6 W;Петля стальная универсальная MSN 100X70X2.5-4BB W;;Дверной ограничитель DS1 W;Торцевой шпингалет с прямоугольной планкой L160 W
Дверные ручки PIEZA Q360 BLACK NICKEL / CHROME;Защёлка сантехническая магнитная WC MAG 5090 CHROME;;Петля универсальная 100X70X2.5 4BB POLISH CHROME;;Ограничитель DS 200 CHROME;Торцевой шпингалет 401-140 CHROME
Дверные ручки PIEZA Q360 SATIN CHROME;Защёлка сантехническая магнитная WC MAG 5090 CHROME;;Петля универсальная 100X70X2.5 4BB POLISH CHROME;;Ограничитель DS 200 CHROME;Торцевой шпингалет 401-140 CHROME
Дверные ручки PIEZA Q360 WHITE / CHROME;Защёлка сантехническая магнитная WC MAG 5090 CHROME;;Петля универсальная 100X70X2.5 4BB POLISH CHROME;;Ограничитель DS 200 CHROME;Торцевой шпингалет 401-140 CHROME
Дверные ручки PIEZA S-565  BLACK;Защёлка сантехническая магнитная WC-5096 MAG BLACK NICKEL;Фиксатор WC SQ-003 BLACK;Петля универсальная 100X70X2.5 4BB BLACK;Петля-бабочка 100X75X2.5 BUT BLACK;Ограничитель DS 200 BLACK;Торцевой шпингалет 401-140 BLACK
Дверные ручки PIEZA S-565  WHITE;Защёлка сантехническая магнитная WC-5096 MAG WHITE;Фиксатор WC SQ-003 WHITE;Петля универсальная 100X70X2.5 4W WHITE / CHROME;;;Торцевой шпингалет 401-140 WHITE
Дверные ручки PINADO A-31-30  BLACK;Магнитная защелка L5096 WC MAG BLACK;Фиксатор WC-30 BLACK;Петля врезная универсальная B020-C 100X75X2.5-4BB-1BL;Петля-бабочка B020-U 100X75X2.5-2BB-1BL;STP 10 W.GOLD;
Дверные ручки PINADO A-31-30 CHROME/S.CHROME;Магнитная защелка L5096 WC MAG M.CHROME;;Петля врезная универсальная B020-C 100X75X2.5-4BB-1SC;Петля-бабочка B020-U 100X75X2.5-2BB-1SC;Ограничитель STP 10 S.CHROME;
Дверные ручки PIQUADRO MH-37 SC/CP-S;Магнитная защелка M1895 SSC;Фиксатор MH-WC-S SC/CP;Петля стальная универсальная MSN 100X70X2.5-4BB SSC;;Дверной ограничитель SECRET DS SC;Торцевой шпингалет с прямоугольной планкой L160 SC
Дверные ручки PIQUADRO MH-37 SN/BN-S;Магнитная защелка M1895 SN;Фиксатор MH-WC-S SN/BN;Петля стальная универсальная MSN 100X70X2.5-4BB SN;;Дверной ограничитель DS1 SN;Торцевой шпингалет с прямоугольной планкой L160 SN
Дверные ручки PISA MH-06 BL;Магнитная защелка M1895 BL;Фиксатор MH-WC BL;;;Дверной ограничитель SECRET DS BL;Торцевой шпингалет с прямоугольной планкой L160 BL
Дверные ручки PISA MH-06 SN/BN;Магнитная защелка M1895 SN;Фиксатор MH-WC SN/BN;Петля стальная универсальная MSN 100X70X2.5-4BB SN;;Дверной ограничитель DS1 SN;Торцевой шпингалет с прямоугольной планкой L160 SN
Дверные ручки PISA MH-06 SN/CP;Магнитная защелка M1895 SN;Фиксатор MH-WC SN/CP;Петля стальная универсальная MSN 100X70X2.5-4BB SN;;Дверной ограничитель DS1 SN;Торцевой шпингалет с прямоугольной планкой L160 SN
Дверные ручки PLATEAU MH-51-S6 BL;Магнитная защелка M1895 BL;Фиксатор MH-WC-S6 BL;;;Дверной ограничитель SECRET DS BL;Торцевой шпингалет с прямоугольной планкой L160 BL
Дверные ручки PLATEAU MH-51-S6 SC;Магнитная защелка M1895 SSC;Фиксатор MH-WC-S6 ASC;Петля стальная универсальная MSN 100X70X2.5-4BB SSC;;Дверной ограничитель SECRET DS SC;Торцевой шпингалет с прямоугольной планкой L160 SC
Дверные ручки PLATEAU MH-51-S6 W;Магнитная защелка M1895 W;Фиксатор MH-WC-S6 W;Петля стальная универсальная MSN 100X70X2.5-4BB W;;Дверной ограничитель DS1 W;Торцевой шпингалет с прямоугольной планкой L160 W
Дверные ручки PLAZA CC-1 FEA;Магнитная защелка M1895 AB;Фиксатор CC-WC FEA;Петля стальная универсальная MSN 100X70X2.5-4BB AB;;Дверной ограничитель DS8 IB;Торцевой шпингалет с прямоугольной планкой L160 AB
Дверные ручки PLAZA CC-1 OBA;Магнитная защелка M1895 AB;Фиксатор CC-WC OBA;Петля стальная универсальная MSN 100X70X2.5-4BB AB;;Дверной ограничитель DS8 IB;Торцевой шпингалет с прямоугольной планкой L160 AB
Дверные ручки POMOLO V203 AGED BRONZE;Защёлка сантехническая магнитная WC MAG 5090 BRONZE;Фиксатор WC V003 AGED BRONZE;Петля универсальная 100X70X2.5 4W AGED BRONZE;Петля-бабочка 100X75X2.5 BUT ANTIC BRONZE;Ограничитель DS 200 BRONZE;Торцевой шпингалет 401-140 BRONZE
Дверные ручки POMOLO V203 AGED GOLD;Защёлка сантехническая магнитная WC MAG 5090 GOLD;Фиксатор WC V003 AGED GOLD;Петля универсальная 100X70X2.5 4W AGED SILVER;Петля-бабочка 100X75X2.5 BUT SATIN GOLD;Ограничитель DS 200 GOLD;Торцевой шпингалет MOD 401-150 B
Дверные ручки POMOLO V203 AGED SILVER;Защёлка сантехническая магнитная WC MAG 5090 GOLD;Фиксатор WC V003 AGED SILVER;Петля универсальная 100X70X2.5 4W AGED SILVER;Петля-бабочка 100X75X2.5 BUT SATIN GOLD;Ограничитель DS 200 GOLD;Торцевой шпингалет MOD 401-150 B
Дверные ручки PORCELLANA V214 AGED BRONZE;Защёлка сантехническая магнитная WC MAG 5090 BRONZE;Фиксатор WC V003 AGED BRONZE;Петля универсальная 100X70X2.5 4W AGED BRONZE;Петля-бабочка 100X75X2.5 BUT ANTIC BRONZE;Ограничитель DS 200 BRONZE;Торцевой шпингалет 401-140 BRONZE
Дверные ручки PORCELLANA V214 AGED SILVER;Защёлка сантехническая магнитная WC MAG 5090 GOLD;Фиксатор WC V003 AGED SILVER;Петля универсальная 100X70X2.5 4W AGED SILVER;Петля-бабочка 100X75X2.5 BUT SATIN GOLD;Ограничитель DS 200 GOLD;Торцевой шпингалет MOD 401-150 B
Дверные ручки PORTAL MH-07 SN;Магнитная защелка M1895 SN;;Петля стальная универсальная MSN 100X70X2.5-4BB SN;;Дверной ограничитель DS1 SN;Торцевой шпингалет с прямоугольной планкой L160 SN
Дверные ручки PRATICO A-09-10 CHROME/S.CHROME;Магнитная защелка L5096 WC MAG M.CHROME;;Петля врезная универсальная B020-C 100X75X2.5-4BB-1SC;Петля-бабочка B020-U 100X75X2.5-2BB-1SC;Ограничитель STP 10 S.CHROME;
Дверные ручки PRATICO A-09-10 GRAPHITE/ANT. BRONZE;;;Петля врезная универсальная B020-C 100X75X2.5-4BB-1GR;;;
Дверные ручки PRETO A-42-40 BLACK;Магнитная защелка L5096 WC MAG BLACK;Фиксатор WC-40 BLACK;Петля врезная универсальная B020-C 100X75X2.5-4BB-1BL;Петля-бабочка B020-U 100X75X2.5-2BB-1BL;STP 10 W.GOLD;
Дверные ручки PRONTO A-15-40 M.CHROME;Магнитная защелка L5096 WC MAG M.CHROME;Фиксатор WC-40 M.CHROME;Петля врезная универсальная B020-C 100X75X2.5-4BB-1SC;Петля-бабочка B020-U 100X75X2.5-2BB-1SC;Ограничитель STP 10 S.CHROME;
Дверные ручки REMO A-14-40 BLACK;Магнитная защелка L5096 WC MAG BLACK;Фиксатор WC-40 BLACK;Петля врезная универсальная B020-C 100X75X2.5-4BB-1BL;Петля-бабочка B020-U 100X75X2.5-2BB-1BL;STP 10 W.GOLD;
Дверные ручки REMO A-14-40 M.CHROME;Магнитная защелка L5096 WC MAG M.CHROME;Фиксатор WC-40 M.CHROME;Петля врезная универсальная B020-C 100X75X2.5-4BB-1SC;Петля-бабочка B020-U 100X75X2.5-2BB-1SC;Ограничитель STP 10 S.CHROME;
Дверные ручки RIMA-30-45 BLACK;Магнитная защелка L5096 WC MAG BLACK;Фиксатор WC-45 BLACK;Петля врезная универсальная B020-C 100X75X2.5-4BB-1BL;Петля-бабочка B020-U 100X75X2.5-2BB-1BL;STP 10 W.GOLD;
Дверные ручки RIMA-30-45 M.CHROME;Магнитная защелка L5096 WC MAG M.CHROME;Фиксатор WC-45 M.CHROME;Петля врезная универсальная B020-C 100X75X2.5-4BB-1SC;Петля-бабочка B020-U 100X75X2.5-2BB-1SC;Ограничитель STP 10 S.CHROME;
Дверные ручки RIMA-30-45 W.GOLD;Магнитная защелка L6-50 MAG GOLD;Фиксатор WC-45 W.GOLD;Петля врезная универсальная B020-C 100X75X2.5-4BB-1WG;Петля-бабочка B020-U 100X75X2.5-2BB-1WG;Ограничитель STP 10 W.GOLD;
Дверные ручки RIPPLE Q510 BLACK;Защёлка сантехническая магнитная WC-5096 MAG BLACK NICKEL;Фиксатор WC Q003 BLACK;Петля универсальная 100X70X2.5 4BB BLACK;Петля-бабочка 100X75X2.5 BUT BLACK;Ограничитель DS 200 BLACK;Торцевой шпингалет 401-140 BLACK
Дверные ручки RIVER S-486 CHROME / BLACK;Защёлка сантехническая магнитная WC MAG 5090 CHROME;;Петля универсальная 100X70X2.5 4BB POLISH CHROME;;Ограничитель DS 200 CHROME;Торцевой шпингалет 401-140 CHROME
Дверные ручки RIVER S-486 CHROME / WHITE;Защёлка сантехническая магнитная WC MAG 5090 CHROME;;Петля универсальная 100X70X2.5 4BB POLISH CHROME;;Ограничитель DS 200 CHROME;Торцевой шпингалет 401-140 CHROME
Дверные ручки RIVER S-486 GRAPHITE;Защёлка сантехническая магнитная WC-5096 MAG GRAPHITE;Фиксатор WC SR-003 GRAPHITE;Петля универсальная 100X70X2.5 4BB GRAPHITE;Петля-бабочка 100X75X2.5 BUT GRAPHITE;;
Дверные ручки RIVER S-530 BLACK;Защёлка сантехническая магнитная WC-5096 MAG BLACK NICKEL;Фиксатор WC SQ-003 BLACK;Петля универсальная 100X70X2.5 4BB BLACK;Петля-бабочка 100X75X2.5 BUT BLACK;Ограничитель DS 200 BLACK;Торцевой шпингалет 401-140 BLACK
Дверные ручки ROCK NC-8-S1 CRO;Магнитная защелка M1895 MSN;Фиксатор LUX-WC-S1 CRO;Петля стальная универсальная MSN 100X70X2.5-4BB MSN;;Дверной ограничитель DS1 CP;
Дверные ручки ROCK NC-8-S1 CSA;Магнитная защелка M1895 SSC;Фиксатор LUX-WC-S1 CSA;Петля стальная универсальная MSN 100X70X2.5-4BB SSC;;Дверной ограничитель SECRET DS SC;Торцевой шпингалет с прямоугольной планкой L160 SC
Дверные ручки ROKKA A-61-30 BLACK;Магнитная защелка L5096 WC MAG BLACK;Фиксатор WC-30 BLACK;Петля врезная универсальная B020-C 100X75X2.5-4BB-1BL;Петля-бабочка B020-U 100X75X2.5-2BB-1BL;STP 10 W.GOLD;
Дверные ручки RUSH A117 CHROME;Защёлка сантехническая магнитная WC MAG 5090 CHROME;Фиксатор WC 003 CHROME;Петля универсальная 100X70X2.5 4BB POLISH CHROME;;Ограничитель DS 200 CHROME;Торцевой шпингалет 401-140 CHROME
Дверные ручки SAND NC-7-R1 CRO;Магнитная защелка M1895 MSN;Фиксатор LUX-WC-R1 CRO;Петля стальная универсальная MSN 100X70X2.5-4BB MSN;;Дверной ограничитель DS1 CP;
Дверные ручки SAND NC-7-S1 CSA;Магнитная защелка M1895 SSC;Фиксатор LUX-WC-S1 CSA;Петля стальная универсальная MSN 100X70X2.5-4BB SSC;;Дверной ограничитель SECRET DS SC;Торцевой шпингалет с прямоугольной планкой L160 SC
Дверные ручки SANIBELL MH-39 SN/BN-S;Магнитная защелка M1895 SN;Фиксатор MH-WC-S SN/BN;Петля стальная универсальная MSN 100X70X2.5-4BB SN;;Дверной ограничитель DS1 SN;Торцевой шпингалет с прямоугольной планкой L160 SN
Дверные ручки SHAPE MH-38 SN/BN-S;Магнитная защелка M1895 SN;Фиксатор MH-WC-S SN/BN;Петля стальная универсальная MSN 100X70X2.5-4BB SN;;Дверной ограничитель DS1 SN;Торцевой шпингалет с прямоугольной планкой L160 SN
Дверные ручки SHARP S-558 GRAPHITE;Защёлка сантехническая магнитная WC-5096 MAG GRAPHITE;Фиксатор WC SQ-003 GRAPHITE;Петля универсальная 100X70X2.5 4BB GRAPHITE;Петля-бабочка 100X75X2.5 BUT GRAPHITE;;
Дверные ручки SHELF S-559 BLACK;Защёлка сантехническая магнитная WC-5096 MAG BLACK NICKEL;Фиксатор WC SQ-003 BLACK;Петля универсальная 100X70X2.5 4BB BLACK;Петля-бабочка 100X75X2.5 BUT BLACK;Ограничитель DS 200 BLACK;Торцевой шпингалет 401-140 BLACK
Дверные ручки SHELF S-559 GRAPHITE;Защёлка сантехническая магнитная WC-5096 MAG GRAPHITE;Фиксатор WC SQ-003 GRAPHITE;Петля универсальная 100X70X2.5 4BB GRAPHITE;Петля-бабочка 100X75X2.5 BUT GRAPHITE;;
Дверные ручки SHELL MH-45 GR/CP-S55;Магнитная защелка M1895 GR;;Петля стальная универсальная MSN 100X70X2.5-4BB GR;;;
Дверные ручки SHUTTLE ANT;;;;;;
Дверные ручки SHUTTLE BIA;Магнитная защелка M1895 W;;Петля стальная универсальная MSN 100X70X2.5-4BB W;;Дверной ограничитель DS1 W;Торцевой шпингалет с прямоугольной планкой L160 W
Дверные ручки SHUTTLE CAFFE;;;Петля стальная универсальная MSN 100X70X2.5-4BB COF;;Дверной ограничитель DS1 COF;
Дверные ручки SHUTTLE CSA;Магнитная защелка M1895 SSC;;Петля стальная универсальная MSN 100X70X2.5-4BB SSC;;Дверной ограничитель SECRET DS SC;Торцевой шпингалет с прямоугольной планкой L160 SC
Дверные ручки SHUTTLE NERO-ST;Магнитная защелка M1895 BL;;;;Дверной ограничитель SECRET DS BL;Торцевой шпингалет с прямоугольной планкой L160 BL
Дверные ручки SINO A-25-10 ANT.BRONZE;Магнитная защелка L6-50 MAG ANT.BRONZE;Фиксатор WC-10 ANT.BRONZE;Петля врезная универсальная B020-C 100X75X2.5-4BB-1AB;Петля-бабочка B020-U 100X75X2.5-2BB-1AB;;
Дверные ручки SLEEP MH-15 MAB;Магнитная защелка M1895 AB;Фиксатор MH-WC MAB;Петля стальная универсальная MSN 100X70X2.5-4BB AB;;Дверной ограничитель DS8 IB;Торцевой шпингалет с прямоугольной планкой L160 AB
Дверные ручки SLEEP MH-15 SN/CP;Магнитная защелка M1895 SN;Фиксатор MH-WC SN/CP;Петля стальная универсальная MSN 100X70X2.5-4BB SN;;Дверной ограничитель DS1 SN;Торцевой шпингалет с прямоугольной планкой L160 SN
Дверные ручки SLIM A128 CHROME;Защёлка сантехническая магнитная WC MAG 5090 CHROME;Фиксатор WC 003 CHROME;Петля универсальная 100X70X2.5 4BB POLISH CHROME;;Ограничитель DS 200 CHROME;Торцевой шпингалет 401-140 CHROME
Дверные ручки SOLAR S-535 BLACK;Защёлка сантехническая магнитная WC-5096 MAG BLACK NICKEL;Фиксатор WC SQ-003 BLACK;Петля универсальная 100X70X2.5 4BB BLACK;Петля-бабочка 100X75X2.5 BUT BLACK;Ограничитель DS 200 BLACK;Торцевой шпингалет 401-140 BLACK
Дверные ручки SOLAR S-535 NICKEL;Защёлка сантехническая магнитная WC MAG 5090 CHROME;Фиксатор WC SQ-003 NICKEL;Петля универсальная 100X70X2.5 4BB POLISH CHROME;;Ограничитель DS 200 CHROME;Торцевой шпингалет 401-140 CHROME
Дверные ручки SOUK MH-55-S6 BL;Магнитная защелка M1895 BL;Фиксатор MH-WC-S6 BL;;;Дверной ограничитель SECRET DS BL;Торцевой шпингалет с прямоугольной планкой L160 BL
Дверные ручки SOUK MH-55-S6 SSC;Магнитная защелка M1895 SSC;Фиксатор MH-WC-S6 SSC;Петля стальная универсальная MSN 100X70X2.5-4BB SSC;;Дверной ограничитель SECRET DS SC;Торцевой шпингалет с прямоугольной планкой L160 SC
Дверные ручки SPACE S5 BIA;Магнитная защелка M1895 W;Фиксатор LUX-WC-S5 BIA;Петля стальная универсальная MSN 100X70X2.5-4BB W;;Дверной ограничитель DS1 W;Торцевой шпингалет с прямоугольной планкой L160 W
Дверные ручки SPACE S5 CSA;Магнитная защелка M1895 SSC;Фиксатор LUX-WC-S5 CSA;Петля стальная универсальная MSN 100X70X2.5-4BB SSC;;Дверной ограничитель SECRET DS SC;Торцевой шпингалет с прямоугольной планкой L160 SC
Дверные ручки SPACE S5 NERO-ST;Магнитная защелка M1895 BL;Фиксатор LUX-WC-S5 NERO-ST;;;Дверной ограничитель SECRET DS BL;Торцевой шпингалет с прямоугольной планкой L160 BL
Дверные ручки SPACER S-524 BLACK;Защёлка сантехническая магнитная WC-5096 MAG BLACK NICKEL;Фиксатор WC SQ-003 BLACK;Петля универсальная 100X70X2.5 4BB BLACK;Петля-бабочка 100X75X2.5 BUT BLACK;Ограничитель DS 200 BLACK;Торцевой шпингалет 401-140 BLACK
Дверные ручки SPUTNIK-SM CSA;Магнитная защелка M1895 SSC;Фиксатор LUX-WC-SM CSA;Петля стальная универсальная MSN 100X70X2.5-4BB SSC;;Дверной ограничитель SECRET DS SC;Торцевой шпингалет с прямоугольной планкой L160 SC
Дверные ручки SPUTNIK-SM NERO-ST;Магнитная защелка M1895 BL;Фиксатор LUX-WC-SM NERO-ST;;;Дверной ограничитель SECRET DS BL;Торцевой шпингалет с прямоугольной планкой L160 BL
Дверные ручки SPUTNIK S5 CAFFE;;Фиксатор LUX-WC-S5 CAFFE;Петля стальная универсальная MSN 100X70X2.5-4BB COF;;Дверной ограничитель DS1 COF;
Дверные ручки SPUTNIK S5 CRO;Магнитная защелка M1895 MSN;Фиксатор LUX-WC-S5 CRO;Петля стальная универсальная MSN 100X70X2.5-4BB MSN;;Дверной ограничитель DS1 CP;
Дверные ручки SPUTNIK S5 CSA;Магнитная защелка M1895 SSC;Фиксатор LUX-WC-S5 CSA;Петля стальная универсальная MSN 100X70X2.5-4BB SSC;;Дверной ограничитель SECRET DS SC;Торцевой шпингалет с прямоугольной планкой L160 SC
Дверные ручки SPUTNIK S5 NERO-ST;Магнитная защелка M1895 BL;Фиксатор LUX-WC-S5 NERO-ST;;;Дверной ограничитель SECRET DS BL;Торцевой шпингалет с прямоугольной планкой L160 BL
Дверные ручки STEPS MH-64-S6 ASC;Магнитная защелка M1895 SSC;Фиксатор MH-WC-S6 ASC;Петля стальная универсальная MSN 100X70X2.5-4BB SSC;;Дверной ограничитель SECRET DS SC;Торцевой шпингалет с прямоугольной планкой L160 SC
Дверные ручки STEPS MH-64-S6 BL;Магнитная защелка M1895 BL;Фиксатор MH-WC-S6 BL;;;Дверной ограничитель SECRET DS BL;Торцевой шпингалет с прямоугольной планкой L160 BL
Дверные ручки STEPS MH-64-S6 FTG;Магнитная защелка M1895 FTG;Фиксатор MH-WC-S6 FTG;Петля стальная универсальная MSN 100X70X2.5-4BB PG;;Дверной ограничитель DS1 GP;Торцевой шпингалет с прямоугольной планкой L160 PG
Дверные ручки STEPS MH-64-S6 MSG;Магнитная защелка M1895 FTG;Фиксатор MH-WC-S6 MSG;Петля стальная универсальная MSN 100X70X2.5-4BB PG;;Дверной ограничитель DS1 GP;Торцевой шпингалет с прямоугольной планкой L160 PG
Дверные ручки STONE NC-2-S1 CSA;Магнитная защелка M1895 SSC;Фиксатор LUX-WC-S1 CSA;Петля стальная универсальная MSN 100X70X2.5-4BB SSC;;Дверной ограничитель SECRET DS SC;Торцевой шпингалет с прямоугольной планкой L160 SC
Дверные ручки STRICTO A-67-30 CHROME/S.CHROME;Магнитная защелка L5096 WC MAG M.CHROME;;Петля врезная универсальная B020-C 100X75X2.5-4BB-1SC;Петля-бабочка B020-U 100X75X2.5-2BB-1SC;Ограничитель STP 10 S.CHROME;
Дверные ручки STRICTO A-67-30 GRAPHITE;;Фиксатор WC-30 GRAPHITE;Петля врезная универсальная B020-C 100X75X2.5-4BB-1GR;;;
Дверные ручки STRICTO A-67-40 BLACK;Магнитная защелка L5096 WC MAG BLACK;Фиксатор WC-40 BLACK;Петля врезная универсальная B020-C 100X75X2.5-4BB-1BL;Петля-бабочка B020-U 100X75X2.5-2BB-1BL;STP 10 W.GOLD;
Дверные ручки SULLA MH-48-S6 BL;Магнитная защелка M1895 BL;Фиксатор MH-WC-S6 BL;;;Дверной ограничитель SECRET DS BL;Торцевой шпингалет с прямоугольной планкой L160 BL
Дверные ручки SULLA MH-48-S6 SSC/BL;Магнитная защелка M1895 SSC;Фиксатор MH-WC-S6 SSC;Петля стальная универсальная MSN 100X70X2.5-4BB SSC;;Дверной ограничитель SECRET DS SC;Торцевой шпингалет с прямоугольной планкой L160 SC
Дверные ручки SULLA MH-48-S6 SSC/W;Магнитная защелка M1895 SSC;Фиксатор MH-WC-S6 SSC;Петля стальная универсальная MSN 100X70X2.5-4BB SSC;;Дверной ограничитель SECRET DS SC;Торцевой шпингалет с прямоугольной планкой L160 SC
Дверные ручки SULLA MH-48-S6 W;Магнитная защелка M1895 W;Фиксатор MH-WC-S6 W;Петля стальная универсальная MSN 100X70X2.5-4BB W;;Дверной ограничитель DS1 W;Торцевой шпингалет с прямоугольной планкой L160 W
Дверные ручки SWEEP Q567 BLACK;Защёлка сантехническая магнитная WC-5096 MAG BLACK NICKEL;Фиксатор WC Q003 BLACK;Петля универсальная 100X70X2.5 4BB BLACK;Петля-бабочка 100X75X2.5 BUT BLACK;Ограничитель DS 200 BLACK;Торцевой шпингалет 401-140 BLACK
Дверные ручки THE FORCE R5 ANT;;Фиксатор LUX-WC-R5 ANT;;;;
Дверные ручки THE FORCE R5 BIA;Магнитная защелка M1895 W;Фиксатор LUX-WC-R5 BIA;Петля стальная универсальная MSN 100X70X2.5-4BB W;;Дверной ограничитель DS1 W;Торцевой шпингалет с прямоугольной планкой L160 W
Дверные ручки THE FORCE R5 CAFFE;;Фиксатор LUX-WC-R5 CAFFE;Петля стальная универсальная MSN 100X70X2.5-4BB COF;;Дверной ограничитель DS1 COF;
Дверные ручки THE FORCE R5 CSA;Магнитная защелка M1895 SSC;Фиксатор LUX-WC-R5 CSA;Петля стальная универсальная MSN 100X70X2.5-4BB SSC;;Дверной ограничитель SECRET DS SC;Торцевой шпингалет с прямоугольной планкой L160 SC
Дверные ручки THE FORCE R5 NERO-ST;Магнитная защелка M1895 BL;Фиксатор LUX-WC-R5 NERO-ST;;;Дверной ограничитель SECRET DS BL;Торцевой шпингалет с прямоугольной планкой L160 BL
Дверные ручки TOMORROW R5 ANT;;Фиксатор LUX-WC-R5 ANT;;;;
Дверные ручки TOMORROW R5 BIA;Магнитная защелка M1895 W;Фиксатор LUX-WC-R5 BIA;Петля стальная универсальная MSN 100X70X2.5-4BB W;;Дверной ограничитель DS1 W;Торцевой шпингалет с прямоугольной планкой L160 W
Дверные ручки TOMORROW R5 CAFFE;;Фиксатор LUX-WC-R5 CAFFE;Петля стальная универсальная MSN 100X70X2.5-4BB COF;;Дверной ограничитель DS1 COF;
Дверные ручки TOMORROW R5 CSA;Магнитная защелка M1895 SSC;Фиксатор LUX-WC-R5 CSA;Петля стальная универсальная MSN 100X70X2.5-4BB SSC;;Дверной ограничитель SECRET DS SC;Торцевой шпингалет с прямоугольной планкой L160 SC
Дверные ручки TOMORROW R5 NERO-ST;Магнитная защелка M1895 BL;Фиксатор LUX-WC-R5 NERO-ST;;;Дверной ограничитель SECRET DS BL;Торцевой шпингалет с прямоугольной планкой L160 BL
Дверные ручки TORRE A-52-30 CHROME/S.CHROME;Магнитная защелка L5096 WC MAG M.CHROME;;Петля врезная универсальная B020-C 100X75X2.5-4BB-1SC;Петля-бабочка B020-U 100X75X2.5-2BB-1SC;Ограничитель STP 10 S.CHROME;
Дверные ручки TORRE A-52-30 GRAPHITE;;Фиксатор WC-30 GRAPHITE;Петля врезная универсальная B020-C 100X75X2.5-4BB-1GR;;;
Дверные ручки TURN A134 POLISH BRONZE;Защёлка сантехническая магнитная WC MAG 5090 BRONZE;Фиксатор WC 003 POLISH BRONZE;Петля универсальная 100X70X2.5 4W AGED BRONZE;Петля-бабочка 100X75X2.5 BUT ANTIC BRONZE;Ограничитель DS 200 BRONZE;Торцевой шпингалет 401-140 BRONZE
Дверные ручки TWIN A127-01 POLISH BRONZE;Защёлка сантехническая магнитная WC MAG 5090 BRONZE;Фиксатор WC 003 POLISH BRONZE;Петля универсальная 100X70X2.5 4W AGED BRONZE;Петля-бабочка 100X75X2.5 BUT ANTIC BRONZE;Ограничитель DS 200 BRONZE;Торцевой шпингалет 401-140 BRONZE
Дверные ручки UMBERTO MH-41-CLASSIC OMB/CH;Магнитная защелка M1895 AB;Фиксатор MH-WC-CLASSIC OMS;Петля стальная универсальная MSN 100X70X2.5-4BB AB;;Дверной ограничитель DS8 IB;Торцевой шпингалет с прямоугольной планкой L160 AB
Дверные ручки UMBERTO MH-41-CLASSIC OMS/GR;Магнитная защелка M1895 MSN;;Петля стальная универсальная MSN 100X70X2.5-4BB MSN;;Дверной ограничитель DS1 CP;
Дверные ручки UMBERTO MH-41-CLASSIC PC/W;Магнитная защелка M1895 MSN;Фиксатор MH-WC-CLASSIC PC;Петля стальная универсальная MSN 100X70X2.5-4BB MSN;;Дверной ограничитель DS1 CP;
Дверные ручки UMBERTO MH-41-CLASSIC PG/W;Магнитная защелка M1895 FTG;Фиксатор MH-WC-CLASSIC PG;Петля стальная универсальная MSN 100X70X2.5-4BB PG;;Дверной ограничитель DS1 GP;Торцевой шпингалет с прямоугольной планкой L160 PG
Дверные ручки UNIVERSE ANT;;;;;;
Дверные ручки UNIVERSE BIA;Магнитная защелка M1895 W;;Петля стальная универсальная MSN 100X70X2.5-4BB W;;Дверной ограничитель DS1 W;Торцевой шпингалет с прямоугольной планкой L160 W
Дверные ручки UNIVERSE CAFFE;;;Петля стальная универсальная MSN 100X70X2.5-4BB COF;;Дверной ограничитель DS1 COF;
Дверные ручки UNIVERSE CSA;Магнитная защелка M1895 SSC;;Петля стальная универсальная MSN 100X70X2.5-4BB SSC;;Дверной ограничитель SECRET DS SC;Торцевой шпингалет с прямоугольной планкой L160 SC
Дверные ручки UNIVERSE NERO-ST;Магнитная защелка M1895 BL;;;;Дверной ограничитель SECRET DS BL;Торцевой шпингалет с прямоугольной планкой L160 BL
Дверные ручки URSA S-552 NICKEL;Защёлка сантехническая магнитная WC MAG 5090 CHROME;Фиксатор WC SQ-003 NICKEL;Петля универсальная 100X70X2.5 4BB POLISH CHROME;;Ограничитель DS 200 CHROME;Торцевой шпингалет 401-140 CHROME
Дверные ручки VASO A-41-50 BLACK;Магнитная защелка L5096 WC MAG BLACK;Фиксатор WC-50 BLACK;Петля врезная универсальная B020-C 100X75X2.5-4BB-1BL;Петля-бабочка B020-U 100X75X2.5-2BB-1BL;STP 10 W.GOLD;
Дверные ручки VASO A-41-50 M.CHROME;Магнитная защелка L5096 WC MAG M.CHROME;Фиксатор WC-50 M.CHROME;Петля врезная универсальная B020-C 100X75X2.5-4BB-1SC;Петля-бабочка B020-U 100X75X2.5-2BB-1SC;Ограничитель STP 10 S.CHROME;
Дверные ручки VASO A-41-50 W.GOLD;Магнитная защелка L6-50 MAG GOLD;Фиксатор WC-50 W.GOLD;Петля врезная универсальная B020-C 100X75X2.5-4BB-1WG;Петля-бабочка B020-U 100X75X2.5-2BB-1WG;Ограничитель STP 10 W.GOLD;
Дверные ручки VEIN S-537 BLACK;Защёлка сантехническая магнитная WC-5096 MAG BLACK NICKEL;Фиксатор WC SQ-003 BLACK;Петля универсальная 100X70X2.5 4BB BLACK;Петля-бабочка 100X75X2.5 BUT BLACK;Ограничитель DS 200 BLACK;Торцевой шпингалет 401-140 BLACK
Дверные ручки VENTO A-43-10 ANT.COPPER;Магнитная защелка L6-50 MAG ANT.BRONZE;Фиксатор WC-10 ANT.COPPER;Петля врезная универсальная B020-C 100X75X2.5-4BB-1AB;Петля-бабочка B020-U 100X75X2.5-2BB-1AB;;
Дверные ручки VEST S-536 BLACK;Защёлка сантехническая магнитная WC-5096 MAG BLACK NICKEL;Фиксатор WC SQ-003 BLACK;Петля универсальная 100X70X2.5 4BB BLACK;Петля-бабочка 100X75X2.5 BUT BLACK;Ограничитель DS 200 BLACK;Торцевой шпингалет 401-140 BLACK
Дверные ручки VITRA A-24-10 ANT.BRONZE;Магнитная защелка L6-50 MAG ANT.BRONZE;Фиксатор WC-10 ANT.BRONZE;Петля врезная универсальная B020-C 100X75X2.5-4BB-1AB;Петля-бабочка B020-U 100X75X2.5-2BB-1AB;;
Дверные ручки W MH-27 SC/CP-S;Магнитная защелка M1895 SSC;Фиксатор MH-WC-S SC/CP;Петля стальная универсальная MSN 100X70X2.5-4BB SSC;;Дверной ограничитель SECRET DS SC;Торцевой шпингалет с прямоугольной планкой L160 SC
Дверные ручки WAVE NC-6-R1 CAFFE;;Фиксатор LUX-WC-R1 CAFFE;Петля стальная универсальная MSN 100X70X2.5-4BB COF;;Дверной ограничитель DS1 COF;
Дверные ручки WAVE NC-6-R1 CRO;Магнитная защелка M1895 MSN;Фиксатор LUX-WC-R1 CRO;Петля стальная универсальная MSN 100X70X2.5-4BB MSN;;Дверной ограничитель DS1 CP;
Дверные ручки WAVE NC-6-R1 CSA;Магнитная защелка M1895 SSC;Фиксатор LUX-WC-R1 CSA;Петля стальная универсальная MSN 100X70X2.5-4BB SSC;;Дверной ограничитель SECRET DS SC;Торцевой шпингалет с прямоугольной планкой L160 SC
Дверные ручки WAVE S-488 GRAPHITE;Защёлка сантехническая магнитная WC-5096 MAG GRAPHITE;Фиксатор WC SR-003 GRAPHITE;Петля универсальная 100X70X2.5 4BB GRAPHITE;Петля-бабочка 100X75X2.5 BUT GRAPHITE;;
Дверные ручки WAVE S-488 NICKEL;Защёлка сантехническая магнитная WC MAG 5090 CHROME;Фиксатор WC SR-003 NICKEL;Петля универсальная 100X70X2.5 4BB POLISH CHROME;;Ограничитель DS 200 CHROME;Торцевой шпингалет 401-140 CHROME
Дверные ручки WAVES MH-34 COF-S;;Фиксатор MH-WC-S COF;Петля стальная универсальная MSN 100X70X2.5-4BB COF;;Дверной ограничитель DS1 COF;
Дверные ручки WIND NC-9-R1 CRO;Магнитная защелка M1895 MSN;Фиксатор LUX-WC-R1 CRO;Петля стальная универсальная MSN 100X70X2.5-4BB MSN;;Дверной ограничитель DS1 CP;
Дверные ручки WIND NC-9-R1 CSA;Магнитная защелка M1895 SSC;Фиксатор LUX-WC-R1 CSA;Петля стальная универсальная MSN 100X70X2.5-4BB SSC;;Дверной ограничитель SECRET DS SC;Торцевой шпингалет с прямоугольной планкой L160 SC
Дверные ручки YSTAD MH-47-S6 BL;Магнитная защелка M1895 BL;Фиксатор MH-WC-S6 BL;;;Дверной ограничитель SECRET DS BL;Торцевой шпингалет с прямоугольной планкой L160 BL
Дверные ручки YSTAD MH-47-S6 SSC;Магнитная защелка M1895 SSC;Фиксатор MH-WC-S6 SSC;Петля стальная универсальная MSN 100X70X2.5-4BB SSC;;Дверной ограничитель SECRET DS SC;Торцевой шпингалет с прямоугольной планкой L160 SC
Дверные ручки YSTAD MH-47-S6 W;Магнитная защелка M1895 W;Фиксатор MH-WC-S6 W;Петля стальная универсальная MSN 100X70X2.5-4BB W;;Дверной ограничитель DS1 W;Торцевой шпингалет с прямоугольной планкой L160 W
